{
	"parent": "minecraft:item/handheld",
	"textures": {
		"layer0": "meow:item/battle_axe"
	},
	"display": {
		"thirdperson_righthand": {
			"rotation": [0, -90, 55],
			"translation": [0, 4, 0.5],
			"scale": [0.85, 0.85, 0.85]
		},
		"thirdperson_lefthand": {
			"rotation": [0, 90, -55],
			"translation": [0, 4, 0.5],
			"scale": [0.85, 0.85, 0.85]
		},
		"firstperson_righthand": {
			"rotation": [-1, -90, 25],
			"translation": [1.13, 5.2, 0.88],
			"scale": [0.68, 0.68, 0.68]
		},
		"firstperson_lefthand": {
			"rotation": [-1, 90, -25],
			"translation": [1.13, 5.2, 0.88],
			"scale": [0.68, 0.68, 0.68]
		},
		"ground": {
			"translation": [0, 2, 0],
			"scale": [0.5, 0.5, 0.5]
		},
		"head": {
			"rotation": [180, 0, -24.5],
			"translation": [3.5, 10.75, 0]
		},
		"fixed": {
			"rotation": [0, 180, 0]
		}
	}
}