{
	"textures": {
		"0": "meow:item/warhammer",
		"particle": "meow:item/warhammer"
	},
	"elements": [
		{
			"name": "warhammer_0",
			"from": [16.37868, 7.87868, 7.75],
			"to": [19.37868, 11.87868, 8.25],
			"rotation": {"angle": 45, "axis": "z", "origin": [8, 0, 7.75]},
			"faces": {
				"north": {"uv": [13.5, 2, 10.5, 6], "texture": "#0"},
				"east": {"uv": [13, 2, 13.5, 6], "texture": "#0"},
				"south": {"uv": [10.5, 2, 13.5, 6], "texture": "#0"},
				"west": {"uv": [10.5, 2, 11, 6], "texture": "#0"},
				"up": {"uv": [10.5, 2, 13.5, 2.5], "texture": "#0"},
				"down": {"uv": [10.5, 5.5, 13.5, 6], "texture": "#0"}
			}
		},
		{
			"name": "warhammer_1",
			"from": [15.87868, 7.37868, 7.75],
			"to": [16.37868, 11.37868, 8.25],
			"rotation": {"angle": 45, "axis": "z", "origin": [8, 0, 7.75]},
			"faces": {
				"north": {"uv": [10.5, 2.5, 10, 6.5], "texture": "#0"},
				"east": {"uv": [10, 2.5, 10.5, 6.5], "texture": "#0"},
				"south": {"uv": [10, 2.5, 10.5, 6.5], "texture": "#0"},
				"west": {"uv": [10, 2.5, 10.5, 6.5], "texture": "#0"},
				"up": {"uv": [10, 2.5, 10.5, 3], "texture": "#0"},
				"down": {"uv": [10, 6, 10.5, 6.5], "texture": "#0"}
			}
		},
		{
			"name": "warhammer_2",
			"from": [19.37868, 8.37868, 7.75],
			"to": [19.87868, 11.37868, 8.25],
			"rotation": {"angle": 45, "axis": "z", "origin": [8, 0, 7.75]},
			"faces": {
				"north": {"uv": [14, 2.5, 13.5, 5.5], "texture": "#0"},
				"east": {"uv": [13.5, 2.5, 14, 5.5], "texture": "#0"},
				"south": {"uv": [13.5, 2.5, 14, 5.5], "texture": "#0"},
				"west": {"uv": [13.5, 2.5, 14, 5.5], "texture": "#0"},
				"up": {"uv": [13.5, 2.5, 14, 3], "texture": "#0"},
				"down": {"uv": [13.5, 5, 14, 5.5], "texture": "#0"}
			}
		},
		{
			"name": "warhammer_3",
			"from": [15.37868, 7.87868, 7.75],
			"to": [15.87868, 9.87868, 8.25],
			"rotation": {"angle": 45, "axis": "z", "origin": [8, 0, 7.75]},
			"faces": {
				"north": {"uv": [10, 4, 9.5, 6], "texture": "#0"},
				"east": {"uv": [9.5, 4, 10, 7], "texture": "#0"},
				"south": {"uv": [9.5, 4, 10, 7], "texture": "#0"},
				"west": {"uv": [9.5, 4, 10, 6.5], "texture": "#0"},
				"up": {"uv": [9.5, 4, 10, 4.5], "texture": "#0"},
				"down": {"uv": [9.5, 6.5, 10, 7], "texture": "#0"}
			}
		},
		{
			"name": "warhammer_5",
			"from": [16.37868, 7.37868, 7.75],
			"to": [17.87868, 7.87868, 8.25],
			"rotation": {"angle": 45, "axis": "z", "origin": [8, 0, 7.75]},
			"faces": {
				"north": {"uv": [12, 6, 10.5, 6.5], "texture": "#0"},
				"east": {"uv": [11.5, 6, 12, 6.5], "texture": "#0"},
				"south": {"uv": [10.5, 6, 12, 6.5], "texture": "#0"},
				"west": {"uv": [10.5, 6, 11, 6.5], "texture": "#0"},
				"up": {"uv": [10.5, 6, 12, 6.5], "texture": "#0"},
				"down": {"uv": [10.5, 6, 12, 6.5], "texture": "#0"}
			}
		},
		{
			"name": "warhammer_0",
			"from": [7.75, 8.07868, -3.42868],
			"to": [8.25, 12.07868, -0.42868],
			"rotation": {"angle": 45, "axis": "x", "origin": [8, 0, 7.75]},
			"faces": {
				"north": {"uv": [13, 2, 13.5, 6], "texture": "#0"},
				"east": {"uv": [10.5, 2, 13.5, 6], "texture": "#0"},
				"south": {"uv": [10.5, 2, 11, 6], "texture": "#0"},
				"west": {"uv": [13.5, 2, 10.5, 6], "texture": "#0"},
				"up": {"uv": [10.5, 2, 13.5, 2.5], "rotation": 270, "texture": "#0"},
				"down": {"uv": [10.5, 5.5, 13.5, 6], "rotation": 90, "texture": "#0"}
			}
		},
		{
			"name": "warhammer_1",
			"from": [7.75, 7.57868, -0.42868],
			"to": [8.25, 11.57868, 0.07132],
			"rotation": {"angle": 45, "axis": "x", "origin": [8, 0, 7.75]},
			"faces": {
				"north": {"uv": [10, 2.5, 10.5, 6.5], "texture": "#0"},
				"east": {"uv": [10, 2.5, 10.5, 6.5], "texture": "#0"},
				"south": {"uv": [10, 2.5, 10.5, 6.5], "texture": "#0"},
				"west": {"uv": [10.5, 2.5, 10, 6.5], "texture": "#0"},
				"up": {"uv": [10, 2.5, 10.5, 3], "rotation": 270, "texture": "#0"},
				"down": {"uv": [10, 6, 10.5, 6.5], "rotation": 90, "texture": "#0"}
			}
		},
		{
			"name": "warhammer_2",
			"from": [7.75, 8.57868, -3.92868],
			"to": [8.25, 11.57868, -3.42868],
			"rotation": {"angle": 45, "axis": "x", "origin": [8, 0, 7.75]},
			"faces": {
				"north": {"uv": [13.5, 2.5, 14, 5.5], "texture": "#0"},
				"east": {"uv": [13.5, 2.5, 14, 5.5], "texture": "#0"},
				"south": {"uv": [13.5, 2.5, 14, 5.5], "texture": "#0"},
				"west": {"uv": [14, 2.5, 13.5, 5.5], "texture": "#0"},
				"up": {"uv": [13.5, 2.5, 14, 3], "rotation": 270, "texture": "#0"},
				"down": {"uv": [13.5, 5, 14, 5.5], "rotation": 90, "texture": "#0"}
			}
		},
		{
			"name": "warhammer_3",
			"from": [7.75, 7.07868, 0.07132],
			"to": [8.25, 10.07868, 0.57132],
			"rotation": {"angle": 45, "axis": "x", "origin": [8, 0, 7.75]},
			"faces": {
				"north": {"uv": [9.5, 4, 10, 7], "texture": "#0"},
				"east": {"uv": [9.5, 4, 10, 7], "texture": "#0"},
				"south": {"uv": [9.5, 4, 10, 7], "texture": "#0"},
				"west": {"uv": [10, 4, 9.5, 7], "texture": "#0"},
				"up": {"uv": [9.5, 4, 10, 4.5], "rotation": 270, "texture": "#0"},
				"down": {"uv": [9.5, 6.5, 10, 7], "rotation": 90, "texture": "#0"}
			}
		},
		{
			"name": "warhammer_4",
			"from": [7.75, 6.57868, 0.57132],
			"to": [8.25, 8.07868, 1.07132],
			"rotation": {"angle": 45, "axis": "x", "origin": [8, 0, 7.75]},
			"faces": {
				"north": {"uv": [9, 6, 9.5, 7.5], "texture": "#0"},
				"east": {"uv": [9, 6, 9.5, 7.5], "texture": "#0"},
				"south": {"uv": [9, 6, 9.5, 7.5], "texture": "#0"},
				"west": {"uv": [9.5, 6, 9, 7.5], "texture": "#0"},
				"up": {"uv": [9, 6, 9.5, 6.5], "rotation": 270, "texture": "#0"},
				"down": {"uv": [9, 7, 9.5, 7.5], "rotation": 90, "texture": "#0"}
			}
		},
		{
			"name": "warhammer_5",
			"from": [7.75, 7.57868, -1.92868],
			"to": [8.25, 8.07868, -0.42868],
			"rotation": {"angle": 45, "axis": "x", "origin": [8, 0, 7.75]},
			"faces": {
				"north": {"uv": [11.5, 6, 12, 6.5], "texture": "#0"},
				"east": {"uv": [10.5, 6, 12, 6.5], "texture": "#0"},
				"south": {"uv": [10.5, 6, 11, 6.5], "texture": "#0"},
				"west": {"uv": [12, 6, 10.5, 6.5], "texture": "#0"},
				"up": {"uv": [10.5, 6, 12, 6.5], "rotation": 270, "texture": "#0"},
				"down": {"uv": [10.5, 6, 12, 6.5], "rotation": 90, "texture": "#0"}
			}
		},
		{
			"name": "warhammer_6",
			"from": [7.75, 6.07868, 1.07132],
			"to": [8.25, 7.57868, 1.57132],
			"rotation": {"angle": 45, "axis": "x", "origin": [8, 0, 7.75]},
			"faces": {
				"north": {"uv": [8.5, 6.5, 9, 8], "texture": "#0"},
				"east": {"uv": [8.5, 6.5, 9, 8], "texture": "#0"},
				"south": {"uv": [8.5, 6.5, 9, 8], "texture": "#0"},
				"west": {"uv": [9, 6.5, 8.5, 8], "texture": "#0"},
				"up": {"uv": [8.5, 6.5, 9, 7], "rotation": 270, "texture": "#0"},
				"down": {"uv": [8.5, 7.5, 9, 8], "rotation": 90, "texture": "#0"}
			}
		},
		{
			"name": "warhammer_7",
			"from": [7.75, 5.57868, 1.57132],
			"to": [8.25, 7.07868, 2.07132],
			"rotation": {"angle": 45, "axis": "x", "origin": [8, 0, 7.75]},
			"faces": {
				"north": {"uv": [8, 7, 8.5, 8.5], "texture": "#0"},
				"east": {"uv": [8, 7, 8.5, 8.5], "texture": "#0"},
				"south": {"uv": [8, 7, 8.5, 8.5], "texture": "#0"},
				"west": {"uv": [8.5, 7, 8, 8.5], "texture": "#0"},
				"up": {"uv": [8, 7, 8.5, 7.5], "rotation": 270, "texture": "#0"},
				"down": {"uv": [8, 8, 8.5, 8.5], "rotation": 90, "texture": "#0"}
			}
		},
		{
			"name": "warhammer_8",
			"from": [7.75, 5.07868, 2.07132],
			"to": [8.25, 6.57868, 2.57132],
			"rotation": {"angle": 45, "axis": "x", "origin": [8, 0, 7.75]},
			"faces": {
				"north": {"uv": [7.5, 7.5, 8, 9], "texture": "#0"},
				"east": {"uv": [7.5, 7.5, 8, 9], "texture": "#0"},
				"south": {"uv": [7.5, 7.5, 8, 9], "texture": "#0"},
				"west": {"uv": [8, 7.5, 7.5, 9], "texture": "#0"},
				"up": {"uv": [7.5, 7.5, 8, 8], "rotation": 270, "texture": "#0"},
				"down": {"uv": [7.5, 8.5, 8, 9], "rotation": 90, "texture": "#0"}
			}
		},
		{
			"name": "warhammer_9",
			"from": [7.75, 4.57868, 2.57132],
			"to": [8.25, 6.07868, 3.07132],
			"rotation": {"angle": 45, "axis": "x", "origin": [8, 0, 7.75]},
			"faces": {
				"north": {"uv": [7, 8, 7.5, 9.5], "texture": "#0"},
				"east": {"uv": [7, 8, 7.5, 9.5], "texture": "#0"},
				"south": {"uv": [7, 8, 7.5, 9.5], "texture": "#0"},
				"west": {"uv": [7.5, 8, 7, 9.5], "texture": "#0"},
				"up": {"uv": [7, 8, 7.5, 8.5], "rotation": 270, "texture": "#0"},
				"down": {"uv": [7, 9, 7.5, 9.5], "rotation": 90, "texture": "#0"}
			}
		},
		{
			"name": "warhammer_10",
			"from": [7.75, 4.07868, 3.07132],
			"to": [8.25, 5.57868, 3.57132],
			"rotation": {"angle": 45, "axis": "x", "origin": [8, 0, 7.75]},
			"faces": {
				"north": {"uv": [6.5, 8.5, 7, 10], "texture": "#0"},
				"east": {"uv": [6.5, 8.5, 7, 10], "texture": "#0"},
				"south": {"uv": [6.5, 8.5, 7, 10], "texture": "#0"},
				"west": {"uv": [7, 8.5, 6.5, 10], "texture": "#0"},
				"up": {"uv": [6.5, 8.5, 7, 9], "rotation": 270, "texture": "#0"},
				"down": {"uv": [6.5, 9.5, 7, 10], "rotation": 90, "texture": "#0"}
			}
		},
		{
			"name": "warhammer_11",
			"from": [7.75, 3.57868, 3.57132],
			"to": [8.25, 5.07868, 4.07132],
			"rotation": {"angle": 45, "axis": "x", "origin": [8, 0, 7.75]},
			"faces": {
				"north": {"uv": [6, 9, 6.5, 10.5], "texture": "#0"},
				"east": {"uv": [6, 9, 6.5, 10.5], "texture": "#0"},
				"south": {"uv": [6, 9, 6.5, 10.5], "texture": "#0"},
				"west": {"uv": [6.5, 9, 6, 10.5], "texture": "#0"},
				"up": {"uv": [6, 9, 6.5, 9.5], "rotation": 270, "texture": "#0"},
				"down": {"uv": [6, 10, 6.5, 10.5], "rotation": 90, "texture": "#0"}
			}
		},
		{
			"name": "warhammer_12",
			"from": [7.75, 3.07868, 4.07132],
			"to": [8.25, 4.57868, 4.57132],
			"rotation": {"angle": 45, "axis": "x", "origin": [8, 0, 7.75]},
			"faces": {
				"north": {"uv": [5.5, 9.5, 6, 11], "texture": "#0"},
				"east": {"uv": [5.5, 9.5, 6, 11], "texture": "#0"},
				"south": {"uv": [5.5, 9.5, 6, 11], "texture": "#0"},
				"west": {"uv": [6, 9.5, 5.5, 11], "texture": "#0"},
				"up": {"uv": [5.5, 9.5, 6, 10], "rotation": 270, "texture": "#0"},
				"down": {"uv": [5.5, 10.5, 6, 11], "rotation": 90, "texture": "#0"}
			}
		},
		{
			"name": "warhammer_13",
			"from": [7.75, 2.57868, 4.57132],
			"to": [8.25, 4.07868, 5.07132],
			"rotation": {"angle": 45, "axis": "x", "origin": [8, 0, 7.75]},
			"faces": {
				"north": {"uv": [5, 10, 5.5, 11.5], "texture": "#0"},
				"east": {"uv": [5, 10, 5.5, 11.5], "texture": "#0"},
				"south": {"uv": [5, 10, 5.5, 11.5], "texture": "#0"},
				"west": {"uv": [5.5, 10, 5, 11.5], "texture": "#0"},
				"up": {"uv": [5, 10, 5.5, 10.5], "rotation": 270, "texture": "#0"},
				"down": {"uv": [5, 11, 5.5, 11.5], "rotation": 90, "texture": "#0"}
			}
		},
		{
			"name": "warhammer_14",
			"from": [7.75, 2.07868, 5.07132],
			"to": [8.25, 3.57868, 5.57132],
			"rotation": {"angle": 45, "axis": "x", "origin": [8, 0, 7.75]},
			"faces": {
				"north": {"uv": [4.5, 10.5, 5, 12], "texture": "#0"},
				"east": {"uv": [4.5, 10.5, 5, 12], "texture": "#0"},
				"south": {"uv": [4.5, 10.5, 5, 12], "texture": "#0"},
				"west": {"uv": [5, 10.5, 4.5, 12], "texture": "#0"},
				"up": {"uv": [4.5, 10.5, 5, 11], "rotation": 270, "texture": "#0"},
				"down": {"uv": [4.5, 11.5, 5, 12], "rotation": 90, "texture": "#0"}
			}
		},
		{
			"name": "warhammer_15",
			"from": [7.75, 1.57868, 5.57132],
			"to": [8.25, 3.07868, 6.07132],
			"rotation": {"angle": 45, "axis": "x", "origin": [8, 0, 7.75]},
			"faces": {
				"north": {"uv": [4, 11, 4.5, 12.5], "texture": "#0"},
				"east": {"uv": [4, 11, 4.5, 12.5], "texture": "#0"},
				"south": {"uv": [4, 11, 4.5, 12.5], "texture": "#0"},
				"west": {"uv": [4.5, 11, 4, 12.5], "texture": "#0"},
				"up": {"uv": [4, 11, 4.5, 11.5], "rotation": 270, "texture": "#0"},
				"down": {"uv": [4, 12, 4.5, 12.5], "rotation": 90, "texture": "#0"}
			}
		},
		{
			"name": "warhammer_16",
			"from": [7.75, 1.07868, 6.07132],
			"to": [8.25, 2.57868, 6.57132],
			"rotation": {"angle": 45, "axis": "x", "origin": [8, 0, 7.75]},
			"faces": {
				"north": {"uv": [3.5, 11.5, 4, 13], "texture": "#0"},
				"east": {"uv": [3.5, 11.5, 4, 13], "texture": "#0"},
				"south": {"uv": [3.5, 11.5, 4, 13], "texture": "#0"},
				"west": {"uv": [4, 11.5, 3.5, 13], "texture": "#0"},
				"up": {"uv": [3.5, 11.5, 4, 12], "rotation": 270, "texture": "#0"},
				"down": {"uv": [3.5, 12.5, 4, 13], "rotation": 90, "texture": "#0"}
			}
		},
		{
			"name": "warhammer_17",
			"from": [7.75, 0.07868, 6.57132],
			"to": [8.25, 2.07868, 7.07132],
			"rotation": {"angle": 45, "axis": "x", "origin": [8, 0, 7.75]},
			"faces": {
				"north": {"uv": [3, 12, 3.5, 14], "texture": "#0"},
				"east": {"uv": [3, 12, 3.5, 14], "texture": "#0"},
				"south": {"uv": [3, 12, 3.5, 14], "texture": "#0"},
				"west": {"uv": [3.5, 12, 3, 14], "texture": "#0"},
				"up": {"uv": [3, 12, 3.5, 12.5], "rotation": 270, "texture": "#0"},
				"down": {"uv": [3, 13.5, 3.5, 14], "rotation": 90, "texture": "#0"}
			}
		},
		{
			"name": "warhammer_18",
			"from": [7.75, 0.07868, 7.07132],
			"to": [8.25, 1.57868, 8.07132],
			"rotation": {"angle": 45, "axis": "x", "origin": [8, 0, 7.75]},
			"faces": {
				"north": {"uv": [2.5, 12.5, 3, 14], "texture": "#0"},
				"east": {"uv": [2, 12.5, 3, 14], "texture": "#0"},
				"south": {"uv": [2, 12.5, 2.5, 14], "texture": "#0"},
				"west": {"uv": [3, 12.5, 2, 14], "texture": "#0"},
				"up": {"uv": [2, 12.5, 3, 13], "rotation": 270, "texture": "#0"},
				"down": {"uv": [2, 13.5, 3, 14], "rotation": 90, "texture": "#0"}
			}
		}
	],
	"gui_light": "front",
	"display": {
		"thirdperson_righthand": {
			"translation": [0, 5.65, 2.25],
			"scale": [1.7, 1.7, 1.7]
		},
		"thirdperson_lefthand": {
			"translation": [0, 5.65, 2.25],
			"scale": [1.7, 1.7, 1.7]
		},
		"firstperson_righthand": {
			"rotation": [20, 17, 0],
			"translation": [1.75, 5.25, 0.25],
			"scale": [1.36, 1.36, 1.36]
		},
		"firstperson_lefthand": {
			"rotation": [20, -164, 0],
			"translation": [1.75, 5.25, 0.25],
			"scale": [1.36, 1.36, 1.36]
		},
		"ground": {
			"rotation": [45, 0, 0],
			"translation": [0, 2, 0]
		},
		"gui": {
			"rotation": [-90, -45, -90],
			"translation": [3.6, 3.52, 0],
			"scale": [2, 2, 2]
		},
		"head": {
			"rotation": [-90, 45, -90],
			"translation": [-13, 25, 0],
			"scale": [3, 3, 3]
		},
		"fixed": {
			"rotation": [-90, 45, 90],
			"translation": [-3.5, 3.5, 0],
			"scale": [2, 2, 2]
		}
	},
	"groups": [
		{
			"name": "warhammer",
			"origin": [8, 8, 8],
			"color": 0,
			"children": [0, 1, 2, 3, 4]
		},
		{
			"name": "warhammer",
			"origin": [8, 8, 8],
			"color": 0,
			"children": [5, 6, 7, 8, 9, 10, 11, 12, 13, 14, 15, 16, 17, 18, 19, 20, 21, 22, 23]
		}
	]
}