{
	"credit": "Made by Pixel_Cube with Blockbench",
	"parent": "item/generated",
	"textures": {
		"layer0": "meow:item/piston_crossbow/piston_crossbow_standby_0"
	},
	"display": {
		"thirdperson_righthand": {
			"rotation": [-90, 0, -60],
			"translation": [2, 0.1, -3],
			"scale": [1.8, 1.8, 0.9]
		},
		"thirdperson_lefthand": {
			"rotation": [-90, 0, 30],
			"translation": [2, 0.1, -3],
			"scale": [1.8, 1.8, 0.9]
		},
		"firstperson_righthand": {
			"rotation": [-90, 0, -45],
			"translation": [-8.96, 3.2, 0.92],
			"scale": [1.36, 1.36, 0.68]
		},
		"firstperson_lefthand": {
			"rotation": [-90, 0, 35],
			"translation": [1.13, 3.2, 1.13],
			"scale": [1.36, 1.36, 0.68]
		},
		"ground": {
			"scale": [1, 1, 0.5]
		},
		"gui": {
			"translation": [0, 0, -2.25],
			"scale": [2, 2, 1]
		},
		"fixed": {
			"scale": [2, 2, 1]
		}
	}
}