{
	"credit": "Made with Blockbench",
	"texture_size": [32, 32],
	"textures": {
		"0": "meow:shield/zifh",
		"particle": "meow:shield/zifh"
	},
	"elements": [
		{
			"from": [-0.25, 2, 3.75],
			"to": [15.75, 20, 3.75],
			"rotation": {"angle": 0, "axis": "y", "origin": [9.75, 6, 12]},
			"faces": {
				"north": {"uv": [0, 1, 8, 10], "texture": "#0"},
				"east": {"uv": [0, 0, 0, 11], "texture": "#0"},
				"south": {"uv": [8, 1, 16, 10], "texture": "#0"},
				"west": {"uv": [0, 0, 0, 11], "texture": "#0"},
				"up": {"uv": [8, 0, 0, 0], "texture": "#0"},
				"down": {"uv": [8, 0, 0, 0], "texture": "#0"}
			}
		},
		{
			"from": [-0.25, 2, 2.75],
			"to": [15.75, 20, 2.75],
			"rotation": {"angle": 0, "axis": "y", "origin": [9.75, 6, 12]},
			"faces": {
				"north": {"uv": [8, 1, 0, 10], "texture": "#0"},
				"east": {"uv": [0, 0, 0, 11], "texture": "#0"},
				"south": {"uv": [8, 1, 16, 10], "texture": "#0", "cullface": "south"},
				"west": {"uv": [0, 0, 0, 11], "texture": "#0"},
				"up": {"uv": [8, 0, 0, 0], "rotation": 180, "texture": "#0"},
				"down": {"uv": [8, 0, 0, 0], "rotation": 180, "texture": "#0"}
			}
		},
		{
			"from": [8.75, 19, 2.75],
			"to": [9.75, 19, 3.75],
			"rotation": {"angle": 0, "axis": "y", "origin": [9.75, 6, 12]},
			"faces": {
				"north": {"uv": [0, 0, 0, 0.5], "rotation": 90, "texture": "#missing"},
				"east": {"uv": [0, 0, 0, 0.5], "rotation": 270, "texture": "#missing"},
				"south": {"uv": [0, 0, 0, 0.5], "rotation": 270, "texture": "#missing"},
				"west": {"uv": [0, 0, 0, 0.5], "rotation": 270, "texture": "#missing"},
				"up": {"uv": [4.5, 1.5, 5, 2], "rotation": 270, "texture": "#0"},
				"down": {"uv": [6.5, 4, 7, 4.5], "rotation": 270, "texture": "#missing"}
			}
		},
		{
			"from": [2.75, 16, 2.75],
			"to": [2.75, 17, 3.75],
			"rotation": {"angle": 0, "axis": "y", "origin": [9.75, 6, 12]},
			"faces": {
				"north": {"uv": [0, 0, 0, 1], "texture": "#missing"},
				"east": {"uv": [0, 0, 0.5, 1], "texture": "#missing"},
				"south": {"uv": [0, 0, 0, 1], "texture": "#0"},
				"west": {"uv": [0.5, 5, 1, 5.5], "texture": "#0"},
				"up": {"uv": [0, 0, 0, 0.5], "texture": "#missing"},
				"down": {"uv": [0, 0, 0, 0.5], "texture": "#missing"}
			}
		},
		{
			"from": [4.75, 17, 2.75],
			"to": [4.75, 18, 3.75],
			"rotation": {"angle": 0, "axis": "y", "origin": [9.75, 6, 12]},
			"faces": {
				"north": {"uv": [0, 0, 0, 1], "texture": "#missing"},
				"east": {"uv": [0, 0, 0.5, 1], "texture": "#missing"},
				"south": {"uv": [0, 0, 0, 1], "texture": "#0"},
				"west": {"uv": [0.5, 5, 1, 5.5], "texture": "#0"},
				"up": {"uv": [0, 0, 0, 0.5], "texture": "#missing"},
				"down": {"uv": [0, 0, 0, 0.5], "texture": "#missing"}
			}
		},
		{
			"from": [5.75, 18, 2.75],
			"to": [5.75, 19, 3.75],
			"rotation": {"angle": 0, "axis": "y", "origin": [9.75, 6, 12]},
			"faces": {
				"north": {"uv": [0, 0, 0, 1], "texture": "#missing"},
				"east": {"uv": [0, 0, 0.5, 1], "texture": "#missing"},
				"south": {"uv": [0, 0, 0, 1], "texture": "#0"},
				"west": {"uv": [0.5, 5, 1, 5.5], "texture": "#0"},
				"up": {"uv": [0, 0, 0, 0.5], "texture": "#missing"},
				"down": {"uv": [0, 0, 0, 0.5], "texture": "#missing"}
			}
		},
		{
			"from": [6.75, 19, 2.75],
			"to": [6.75, 20, 3.75],
			"rotation": {"angle": 0, "axis": "y", "origin": [9.75, 6, 12]},
			"faces": {
				"north": {"uv": [0, 0, 0, 1], "texture": "#missing"},
				"east": {"uv": [0, 0, 0.5, 1], "texture": "#missing"},
				"south": {"uv": [0, 0, 0, 1], "texture": "#0"},
				"west": {"uv": [0.5, 5, 1, 5.5], "texture": "#0"},
				"up": {"uv": [0, 0, 0, 0.5], "texture": "#missing"},
				"down": {"uv": [0, 0, 0, 0.5], "texture": "#missing"}
			}
		},
		{
			"from": [1.75, 7, 2.75],
			"to": [1.75, 10, 3.75],
			"rotation": {"angle": 0, "axis": "y", "origin": [9.75, 6, 12]},
			"faces": {
				"north": {"uv": [0, 0, 0, 1], "texture": "#missing"},
				"east": {"uv": [0, 0, 0.5, 1], "texture": "#missing"},
				"south": {"uv": [0, 0, 0, 1], "texture": "#0"},
				"west": {"uv": [1, 6, 1.5, 7.5], "texture": "#0"},
				"up": {"uv": [0, 0, 0, 0.5], "texture": "#missing"},
				"down": {"uv": [0, 0, 0, 0.5], "texture": "#missing"}
			}
		},
		{
			"from": [0.75, 10, 2.75],
			"to": [0.75, 16, 3.75],
			"rotation": {"angle": 0, "axis": "y", "origin": [9.75, 6, 12]},
			"faces": {
				"north": {"uv": [0, 0, 0, 1], "texture": "#missing"},
				"east": {"uv": [0, 0, 0.5, 1], "texture": "#missing"},
				"south": {"uv": [8.5, 3, 9, 6], "texture": "#0"},
				"west": {"uv": [0.5, 3, 1, 6], "texture": "#0"},
				"up": {"uv": [0, 0, 0, 0.5], "texture": "#missing"},
				"down": {"uv": [0, 0, 0, 0.5], "texture": "#missing"}
			}
		},
		{
			"from": [2.75, 6, 2.75],
			"to": [2.75, 7, 3.75],
			"rotation": {"angle": 0, "axis": "y", "origin": [9.75, 6, 12]},
			"faces": {
				"north": {"uv": [0, 0, 0, 1], "texture": "#missing"},
				"east": {"uv": [0, 0, 0.5, 1], "texture": "#missing"},
				"south": {"uv": [0, 0, 0, 1], "texture": "#0"},
				"west": {"uv": [1.5, 7.5, 2, 8], "texture": "#0"},
				"up": {"uv": [0, 0, 0, 0.5], "texture": "#missing"},
				"down": {"uv": [0, 0, 0, 0.5], "texture": "#missing"}
			}
		},
		{
			"from": [3.75, 5, 2.75],
			"to": [3.75, 6, 3.75],
			"rotation": {"angle": 0, "axis": "y", "origin": [9.75, 6, 12]},
			"faces": {
				"north": {"uv": [0, 0, 0, 1], "texture": "#missing"},
				"east": {"uv": [0, 0, 0.5, 1], "texture": "#missing"},
				"south": {"uv": [0, 0, 0, 1], "texture": "#0"},
				"west": {"uv": [2, 8, 2.5, 8.5], "texture": "#0"},
				"up": {"uv": [0, 0, 0, 0.5], "texture": "#missing"},
				"down": {"uv": [0, 0, 0, 0.5], "texture": "#missing"}
			}
		},
		{
			"from": [4.75, 4, 2.75],
			"to": [4.75, 5, 3.75],
			"rotation": {"angle": 0, "axis": "y", "origin": [9.75, 6, 12]},
			"faces": {
				"north": {"uv": [0, 0, 0, 1], "texture": "#missing"},
				"east": {"uv": [0, 0, 0.5, 1], "texture": "#missing"},
				"south": {"uv": [0, 0, 0, 1], "texture": "#0"},
				"west": {"uv": [2.5, 8.5, 3, 9], "texture": "#0"},
				"up": {"uv": [0, 0, 0, 0.5], "texture": "#missing"},
				"down": {"uv": [0, 0, 0, 0.5], "texture": "#missing"}
			}
		},
		{
			"from": [5.75, 3, 2.75],
			"to": [5.75, 4, 3.75],
			"rotation": {"angle": 0, "axis": "y", "origin": [9.75, 6, 12]},
			"faces": {
				"north": {"uv": [0, 0, 0, 1], "texture": "#missing"},
				"east": {"uv": [0, 0, 0.5, 1], "texture": "#missing"},
				"south": {"uv": [0, 0, 0, 1], "texture": "#0"},
				"west": {"uv": [3, 9, 3.5, 9.5], "texture": "#0"},
				"up": {"uv": [0, 0, 0, 0.5], "texture": "#missing"},
				"down": {"uv": [0, 0, 0, 0.5], "texture": "#missing"}
			}
		},
		{
			"from": [6.75, 2, 2.75],
			"to": [6.75, 3, 3.75],
			"rotation": {"angle": 0, "axis": "y", "origin": [9.75, 6, 12]},
			"faces": {
				"north": {"uv": [0, 0, 0, 1], "texture": "#missing"},
				"east": {"uv": [0, 0, 0.5, 1], "texture": "#missing"},
				"south": {"uv": [0, 0, 0, 1], "texture": "#0"},
				"west": {"uv": [3.5, 9.5, 4, 10], "texture": "#0"},
				"up": {"uv": [0, 0, 0, 0.5], "texture": "#missing"},
				"down": {"uv": [0, 0, 0, 0.5], "texture": "#missing"}
			}
		},
		{
			"from": [8.75, 2, 2.75],
			"to": [8.75, 3, 3.75],
			"rotation": {"angle": 0, "axis": "y", "origin": [9.75, 6, 12]},
			"faces": {
				"north": {"uv": [0, 0, 0, 0.5], "texture": "#missing"},
				"east": {"uv": [4, 9.5, 4.5, 10], "texture": "#0"},
				"south": {"uv": [0, 0, 0, 0.5], "texture": "#missing"},
				"west": {"uv": [6.5, 4, 7, 4.5], "texture": "#missing"},
				"up": {"uv": [0, 0, 0, 0.5], "texture": "#missing"},
				"down": {"uv": [0, 0, 0, 0.5], "texture": "#missing"}
			}
		},
		{
			"from": [9.75, 3, 2.75],
			"to": [9.75, 4, 3.75],
			"rotation": {"angle": 0, "axis": "y", "origin": [9.75, 6, 12]},
			"faces": {
				"north": {"uv": [0, 0, 0, 0.5], "texture": "#missing"},
				"east": {"uv": [4.5, 9, 5, 9.5], "texture": "#0"},
				"south": {"uv": [0, 0, 0, 0.5], "texture": "#missing"},
				"west": {"uv": [6.5, 4, 7, 4.5], "texture": "#missing"},
				"up": {"uv": [0, 0, 0, 0.5], "texture": "#missing"},
				"down": {"uv": [0, 0, 0, 0.5], "texture": "#missing"}
			}
		},
		{
			"from": [10.75, 4, 2.75],
			"to": [10.75, 5, 3.75],
			"rotation": {"angle": 0, "axis": "y", "origin": [9.75, 6, 12]},
			"faces": {
				"north": {"uv": [0, 0, 0, 0.5], "texture": "#missing"},
				"east": {"uv": [5, 8.5, 5.5, 9], "texture": "#0"},
				"south": {"uv": [0, 0, 0, 0.5], "texture": "#missing"},
				"west": {"uv": [6.5, 4, 7, 4.5], "texture": "#missing"},
				"up": {"uv": [0, 0, 0, 0.5], "texture": "#missing"},
				"down": {"uv": [0, 0, 0, 0.5], "texture": "#missing"}
			}
		},
		{
			"from": [11.75, 5, 2.75],
			"to": [11.75, 6, 3.75],
			"rotation": {"angle": 0, "axis": "y", "origin": [9.75, 6, 12]},
			"faces": {
				"north": {"uv": [0, 0, 0, 0.5], "texture": "#missing"},
				"east": {"uv": [5.5, 8, 6, 8.5], "texture": "#0"},
				"south": {"uv": [0, 0, 0, 0.5], "texture": "#missing"},
				"west": {"uv": [6.5, 4, 7, 4.5], "texture": "#missing"},
				"up": {"uv": [0, 0, 0, 0.5], "texture": "#missing"},
				"down": {"uv": [0, 0, 0, 0.5], "texture": "#missing"}
			}
		},
		{
			"from": [12.75, 6, 2.75],
			"to": [12.75, 7, 3.75],
			"rotation": {"angle": 0, "axis": "y", "origin": [9.75, 6, 12]},
			"faces": {
				"north": {"uv": [0, 0, 0, 0.5], "texture": "#missing"},
				"east": {"uv": [5.5, 8, 6, 8.5], "texture": "#0"},
				"south": {"uv": [0, 0, 0, 0.5], "texture": "#missing"},
				"west": {"uv": [6.5, 4, 7, 4.5], "texture": "#missing"},
				"up": {"uv": [0, 0, 0, 0.5], "texture": "#missing"},
				"down": {"uv": [0, 0, 0, 0.5], "texture": "#missing"}
			}
		},
		{
			"from": [13.75, 7, 2.75],
			"to": [13.75, 10, 3.75],
			"rotation": {"angle": 0, "axis": "y", "origin": [9.75, 6, 12]},
			"faces": {
				"north": {"uv": [0, 0, 0, 0.5], "texture": "#missing"},
				"east": {"uv": [6.5, 6, 7, 7.5], "texture": "#0"},
				"south": {"uv": [0, 0, 0, 0.5], "texture": "#missing"},
				"west": {"uv": [6.5, 4, 7, 4.5], "texture": "#missing"},
				"up": {"uv": [0, 0, 0, 0.5], "texture": "#missing"},
				"down": {"uv": [0, 0, 0, 0.5], "texture": "#missing"}
			}
		},
		{
			"from": [14.75, 10, 2.75],
			"to": [14.75, 16, 3.75],
			"rotation": {"angle": 0, "axis": "y", "origin": [9.75, 6, 12]},
			"faces": {
				"north": {"uv": [0, 0, 0, 0.5], "texture": "#missing"},
				"east": {"uv": [7, 3, 7.5, 6], "texture": "#0"},
				"south": {"uv": [0, 0, 0, 0.5], "texture": "#missing"},
				"west": {"uv": [6.5, 4, 7, 4.5], "texture": "#missing"},
				"up": {"uv": [0, 0, 0, 0.5], "texture": "#missing"},
				"down": {"uv": [0, 0, 0, 0.5], "texture": "#missing"}
			}
		},
		{
			"from": [12.75, 16, 2.75],
			"to": [12.75, 17, 3.75],
			"rotation": {"angle": 0, "axis": "y", "origin": [9.75, 6, 12]},
			"faces": {
				"north": {"uv": [0, 0, 0, 0.5], "texture": "#missing"},
				"east": {"uv": [6, 2.5, 6.5, 3], "texture": "#0"},
				"south": {"uv": [0, 0, 0, 0.5], "texture": "#missing"},
				"west": {"uv": [6.5, 4, 7, 4.5], "texture": "#missing"},
				"up": {"uv": [0, 0, 0, 0.5], "texture": "#missing"},
				"down": {"uv": [0, 0, 0, 0.5], "texture": "#missing"}
			}
		},
		{
			"from": [10.75, 17, 2.75],
			"to": [10.75, 18, 3.75],
			"rotation": {"angle": 0, "axis": "y", "origin": [9.75, 6, 12]},
			"faces": {
				"north": {"uv": [0, 0, 0, 0.5], "texture": "#missing"},
				"east": {"uv": [5, 2, 5.5, 2.5], "texture": "#0"},
				"south": {"uv": [0, 0, 0, 0.5], "texture": "#missing"},
				"west": {"uv": [6.5, 4, 7, 4.5], "texture": "#missing"},
				"up": {"uv": [0, 0, 0, 0.5], "texture": "#missing"},
				"down": {"uv": [0, 0, 0, 0.5], "texture": "#missing"}
			}
		},
		{
			"from": [9.75, 18, 2.75],
			"to": [9.75, 19, 3.75],
			"rotation": {"angle": 0, "axis": "y", "origin": [9.75, 6, 12]},
			"faces": {
				"north": {"uv": [0, 0, 0, 0.5], "texture": "#missing"},
				"east": {"uv": [4.5, 1.5, 5, 2], "texture": "#0"},
				"south": {"uv": [0, 0, 0, 0.5], "texture": "#missing"},
				"west": {"uv": [6.5, 4, 7, 4.5], "texture": "#missing"},
				"up": {"uv": [0, 0, 0, 0.5], "texture": "#missing"},
				"down": {"uv": [0, 0, 0, 0.5], "texture": "#missing"}
			}
		},
		{
			"from": [8.75, 19, 2.75],
			"to": [8.75, 20, 3.75],
			"rotation": {"angle": 0, "axis": "y", "origin": [9.75, 6, 12]},
			"faces": {
				"north": {"uv": [0, 0, 0, 0.5], "texture": "#missing"},
				"east": {"uv": [4, 1, 4.5, 1.5], "texture": "#0"},
				"south": {"uv": [0, 0, 0, 0.5], "texture": "#missing"},
				"west": {"uv": [6.5, 4, 7, 4.5], "texture": "#missing"},
				"up": {"uv": [0, 0, 0, 0.5], "texture": "#missing"},
				"down": {"uv": [0, 0, 0, 0.5], "texture": "#missing"}
			}
		},
		{
			"from": [6.75, 20, 2.75],
			"to": [8.75, 20, 3.75],
			"rotation": {"angle": 0, "axis": "y", "origin": [9.75, 6, 12]},
			"faces": {
				"north": {"uv": [0, 0, 0, 0.5], "rotation": 90, "texture": "#missing"},
				"east": {"uv": [0, 0, 0, 0.5], "rotation": 270, "texture": "#missing"},
				"south": {"uv": [0, 0, 0, 0.5], "rotation": 270, "texture": "#missing"},
				"west": {"uv": [0, 0, 0, 0.5], "rotation": 270, "texture": "#missing"},
				"up": {"uv": [3.5, 1, 4.5, 1.5], "rotation": 270, "texture": "#0"},
				"down": {"uv": [6.5, 4, 7, 4.5], "rotation": 270, "texture": "#missing"}
			}
		},
		{
			"from": [5.75, 19, 2.75],
			"to": [6.75, 19, 3.75],
			"rotation": {"angle": 0, "axis": "y", "origin": [9.75, 6, 12]},
			"faces": {
				"north": {"uv": [0, 0, 0, 0.5], "rotation": 90, "texture": "#missing"},
				"east": {"uv": [0, 0, 0, 0.5], "rotation": 270, "texture": "#missing"},
				"south": {"uv": [0, 0, 0, 0.5], "rotation": 270, "texture": "#missing"},
				"west": {"uv": [0, 0, 0, 0.5], "rotation": 270, "texture": "#missing"},
				"up": {"uv": [3, 1.5, 3.5, 2], "rotation": 270, "texture": "#0"},
				"down": {"uv": [6.5, 4, 7, 4.5], "rotation": 270, "texture": "#missing"}
			}
		},
		{
			"from": [4.75, 18, 2.75],
			"to": [5.75, 18, 3.75],
			"rotation": {"angle": 0, "axis": "y", "origin": [9.75, 6, 12]},
			"faces": {
				"north": {"uv": [0, 0, 0, 0.5], "rotation": 90, "texture": "#missing"},
				"east": {"uv": [0, 0, 0, 0.5], "rotation": 270, "texture": "#missing"},
				"south": {"uv": [0, 0, 0, 0.5], "rotation": 270, "texture": "#missing"},
				"west": {"uv": [0, 0, 0, 0.5], "rotation": 270, "texture": "#missing"},
				"up": {"uv": [2.5, 2, 3, 2.5], "rotation": 270, "texture": "#0"},
				"down": {"uv": [6.5, 4, 7, 4.5], "rotation": 270, "texture": "#missing"}
			}
		},
		{
			"from": [2.75, 17, 2.75],
			"to": [4.75, 17, 3.75],
			"rotation": {"angle": 0, "axis": "y", "origin": [9.75, 6, 12]},
			"faces": {
				"north": {"uv": [0, 0, 0, 0.5], "rotation": 90, "texture": "#missing"},
				"east": {"uv": [0, 0, 0, 0.5], "rotation": 270, "texture": "#missing"},
				"south": {"uv": [0, 0, 0, 0.5], "rotation": 270, "texture": "#missing"},
				"west": {"uv": [0, 0, 0, 0.5], "rotation": 270, "texture": "#missing"},
				"up": {"uv": [1.5, 2.5, 2.5, 3], "rotation": 270, "texture": "#0"},
				"down": {"uv": [6.5, 4, 7, 4.5], "rotation": 270, "texture": "#missing"}
			}
		},
		{
			"from": [0.75, 16, 2.75],
			"to": [2.75, 16, 3.75],
			"rotation": {"angle": 0, "axis": "y", "origin": [9.75, 6, 12]},
			"faces": {
				"north": {"uv": [0, 0, 0, 0.5], "rotation": 90, "texture": "#missing"},
				"east": {"uv": [0, 0, 0, 0.5], "rotation": 270, "texture": "#missing"},
				"south": {"uv": [0, 0, 0, 0.5], "rotation": 270, "texture": "#missing"},
				"west": {"uv": [0, 0, 0, 0.5], "rotation": 270, "texture": "#missing"},
				"up": {"uv": [0.5, 3, 1.5, 3.5], "rotation": 270, "texture": "#0"},
				"down": {"uv": [6.5, 4, 7, 4.5], "rotation": 270, "texture": "#missing"}
			}
		},
		{
			"from": [12.75, 16, 2.75],
			"to": [14.75, 16, 3.75],
			"rotation": {"angle": 0, "axis": "y", "origin": [9.75, 6, 12]},
			"faces": {
				"north": {"uv": [0, 0, 0, 0.5], "rotation": 90, "texture": "#missing"},
				"east": {"uv": [0, 0, 0, 0.5], "rotation": 270, "texture": "#missing"},
				"south": {"uv": [0, 0, 0, 0.5], "rotation": 270, "texture": "#missing"},
				"west": {"uv": [0, 0, 0, 0.5], "rotation": 270, "texture": "#missing"},
				"up": {"uv": [6.5, 3, 7.5, 3.5], "rotation": 270, "texture": "#0"},
				"down": {"uv": [6.5, 4, 7, 4.5], "rotation": 270, "texture": "#missing"}
			}
		},
		{
			"from": [13.75, 10, 2.75],
			"to": [14.75, 10, 3.75],
			"rotation": {"angle": 0, "axis": "y", "origin": [9.75, 6, 12]},
			"faces": {
				"north": {"uv": [0, 0, 0, 0.5], "rotation": 270, "texture": "#missing"},
				"east": {"uv": [0, 0, 0, 0.5], "rotation": 90, "texture": "#missing"},
				"south": {"uv": [0, 0, 0, 0.5], "rotation": 90, "texture": "#missing"},
				"west": {"uv": [0, 0, 0, 0.5], "rotation": 90, "texture": "#missing"},
				"up": {"uv": [6.5, 4, 7, 4.5], "rotation": 90, "texture": "#missing"},
				"down": {"uv": [7, 5.5, 7.5, 6], "rotation": 90, "texture": "#0"}
			}
		},
		{
			"from": [12.75, 7, 2.75],
			"to": [13.75, 7, 3.75],
			"rotation": {"angle": 0, "axis": "y", "origin": [9.75, 6, 12]},
			"faces": {
				"north": {"uv": [0, 0, 0, 0.5], "rotation": 270, "texture": "#missing"},
				"east": {"uv": [0, 0, 0, 0.5], "rotation": 90, "texture": "#missing"},
				"south": {"uv": [0, 0, 0, 0.5], "rotation": 90, "texture": "#missing"},
				"west": {"uv": [0, 0, 0, 0.5], "rotation": 90, "texture": "#missing"},
				"up": {"uv": [6.5, 4, 7, 4.5], "rotation": 90, "texture": "#missing"},
				"down": {"uv": [6.5, 7, 7, 7.5], "rotation": 90, "texture": "#0"}
			}
		},
		{
			"from": [11.75, 6, 2.75],
			"to": [12.75, 6, 3.75],
			"rotation": {"angle": 0, "axis": "y", "origin": [9.75, 6, 12]},
			"faces": {
				"north": {"uv": [0, 0, 0, 0.5], "rotation": 270, "texture": "#missing"},
				"east": {"uv": [0, 0, 0, 0.5], "rotation": 90, "texture": "#missing"},
				"south": {"uv": [0, 0, 0, 0.5], "rotation": 90, "texture": "#missing"},
				"west": {"uv": [0, 0, 0, 0.5], "rotation": 90, "texture": "#missing"},
				"up": {"uv": [6.5, 4, 7, 4.5], "rotation": 90, "texture": "#missing"},
				"down": {"uv": [6, 7.5, 6.5, 8], "rotation": 90, "texture": "#0"}
			}
		},
		{
			"from": [10.75, 5, 2.75],
			"to": [11.75, 5, 3.75],
			"rotation": {"angle": 0, "axis": "y", "origin": [9.75, 6, 12]},
			"faces": {
				"north": {"uv": [0, 0, 0, 0.5], "rotation": 270, "texture": "#missing"},
				"east": {"uv": [0, 0, 0, 0.5], "rotation": 90, "texture": "#missing"},
				"south": {"uv": [0, 0, 0, 0.5], "rotation": 90, "texture": "#missing"},
				"west": {"uv": [0, 0, 0, 0.5], "rotation": 90, "texture": "#missing"},
				"up": {"uv": [6.5, 4, 7, 4.5], "rotation": 90, "texture": "#missing"},
				"down": {"uv": [5.5, 8, 6, 8.5], "rotation": 90, "texture": "#0"}
			}
		},
		{
			"from": [9.75, 4, 2.75],
			"to": [10.75, 4, 3.75],
			"rotation": {"angle": 0, "axis": "y", "origin": [9.75, 6, 12]},
			"faces": {
				"north": {"uv": [0, 0, 0, 0.5], "rotation": 270, "texture": "#missing"},
				"east": {"uv": [0, 0, 0, 0.5], "rotation": 90, "texture": "#missing"},
				"south": {"uv": [0, 0, 0, 0.5], "rotation": 90, "texture": "#missing"},
				"west": {"uv": [0, 0, 0, 0.5], "rotation": 90, "texture": "#missing"},
				"up": {"uv": [6.5, 4, 7, 4.5], "rotation": 90, "texture": "#missing"},
				"down": {"uv": [5, 8.5, 5.5, 9], "rotation": 90, "texture": "#0"}
			}
		},
		{
			"from": [8.75, 3, 2.75],
			"to": [9.75, 3, 3.75],
			"rotation": {"angle": 0, "axis": "y", "origin": [9.75, 6, 12]},
			"faces": {
				"north": {"uv": [0, 0, 0, 0.5], "rotation": 270, "texture": "#missing"},
				"east": {"uv": [0, 0, 0, 0.5], "rotation": 90, "texture": "#missing"},
				"south": {"uv": [0, 0, 0, 0.5], "rotation": 90, "texture": "#missing"},
				"west": {"uv": [0, 0, 0, 0.5], "rotation": 90, "texture": "#missing"},
				"up": {"uv": [6.5, 4, 7, 4.5], "rotation": 90, "texture": "#missing"},
				"down": {"uv": [4.5, 9, 5, 9.5], "rotation": 90, "texture": "#0"}
			}
		},
		{
			"from": [6.75, 2, 2.75],
			"to": [8.75, 2, 3.75],
			"rotation": {"angle": 0, "axis": "y", "origin": [9.75, 6, 12]},
			"faces": {
				"north": {"uv": [0, 0, 0, 0.5], "rotation": 270, "texture": "#missing"},
				"east": {"uv": [0, 0, 0, 0.5], "rotation": 90, "texture": "#missing"},
				"south": {"uv": [0, 0, 0, 0.5], "rotation": 90, "texture": "#missing"},
				"west": {"uv": [0, 0, 0, 0.5], "rotation": 90, "texture": "#missing"},
				"up": {"uv": [6.5, 4, 7, 4.5], "rotation": 90, "texture": "#missing"},
				"down": {"uv": [3.5, 9.5, 4.5, 10], "rotation": 90, "texture": "#0"}
			}
		},
		{
			"from": [4.75, 4, 2.75],
			"to": [5.75, 4, 3.75],
			"rotation": {"angle": 0, "axis": "y", "origin": [9.75, 6, 12]},
			"faces": {
				"north": {"uv": [0, 0, 0, 0.5], "rotation": 270, "texture": "#missing"},
				"east": {"uv": [0, 0, 0, 0.5], "rotation": 90, "texture": "#missing"},
				"south": {"uv": [0, 0, 0, 0.5], "rotation": 90, "texture": "#missing"},
				"west": {"uv": [0, 0, 0, 0.5], "rotation": 90, "texture": "#missing"},
				"up": {"uv": [6.5, 4, 7, 4.5], "rotation": 90, "texture": "#missing"},
				"down": {"uv": [2.5, 8.5, 3, 9], "rotation": 90, "texture": "#0"}
			}
		},
		{
			"from": [3.75, 5, 2.75],
			"to": [4.75, 5, 3.75],
			"rotation": {"angle": 0, "axis": "y", "origin": [9.75, 6, 12]},
			"faces": {
				"north": {"uv": [0, 0, 0, 0.5], "rotation": 270, "texture": "#missing"},
				"east": {"uv": [0, 0, 0, 0.5], "rotation": 90, "texture": "#missing"},
				"south": {"uv": [0, 0, 0, 0.5], "rotation": 90, "texture": "#missing"},
				"west": {"uv": [0, 0, 0, 0.5], "rotation": 90, "texture": "#missing"},
				"up": {"uv": [6.5, 4, 7, 4.5], "rotation": 90, "texture": "#missing"},
				"down": {"uv": [2, 8, 2.5, 8.5], "rotation": 90, "texture": "#0"}
			}
		},
		{
			"from": [1.75, 7, 2.75],
			"to": [2.75, 7, 3.75],
			"rotation": {"angle": 0, "axis": "y", "origin": [9.75, 6, 12]},
			"faces": {
				"north": {"uv": [0, 0, 0, 0.5], "rotation": 270, "texture": "#missing"},
				"east": {"uv": [0, 0, 0, 0.5], "rotation": 90, "texture": "#missing"},
				"south": {"uv": [0, 0, 0, 0.5], "rotation": 90, "texture": "#missing"},
				"west": {"uv": [0, 0, 0, 0.5], "rotation": 90, "texture": "#missing"},
				"up": {"uv": [6.5, 4, 7, 4.5], "rotation": 90, "texture": "#missing"},
				"down": {"uv": [1, 7, 1.5, 7.5], "rotation": 90, "texture": "#0"}
			}
		},
		{
			"from": [0.75, 10, 2.75],
			"to": [1.75, 10, 3.75],
			"rotation": {"angle": 0, "axis": "y", "origin": [9.75, 6, 12]},
			"faces": {
				"north": {"uv": [0, 0, 0, 0.5], "rotation": 270, "texture": "#missing"},
				"east": {"uv": [0, 0, 0, 0.5], "rotation": 90, "texture": "#missing"},
				"south": {"uv": [0, 0, 0, 0.5], "rotation": 90, "texture": "#missing"},
				"west": {"uv": [0, 0, 0, 0.5], "rotation": 90, "texture": "#missing"},
				"up": {"uv": [6.5, 4, 7, 4.5], "rotation": 90, "texture": "#missing"},
				"down": {"uv": [0.5, 5.5, 1, 6], "rotation": 90, "texture": "#0"}
			}
		},
		{
			"from": [2.75, 6, 2.75],
			"to": [3.75, 6, 3.75],
			"rotation": {"angle": 0, "axis": "y", "origin": [9.75, 6, 12]},
			"faces": {
				"north": {"uv": [0, 0, 0, 0.5], "rotation": 270, "texture": "#missing"},
				"east": {"uv": [0, 0, 0, 0.5], "rotation": 90, "texture": "#missing"},
				"south": {"uv": [0, 0, 0, 0.5], "rotation": 90, "texture": "#missing"},
				"west": {"uv": [0, 0, 0, 0.5], "rotation": 90, "texture": "#missing"},
				"up": {"uv": [6.5, 4, 7, 4.5], "rotation": 90, "texture": "#missing"},
				"down": {"uv": [1.5, 7.5, 2, 8], "rotation": 90, "texture": "#0"}
			}
		},
		{
			"from": [5.75, 3, 2.75],
			"to": [6.75, 3, 3.75],
			"rotation": {"angle": 0, "axis": "y", "origin": [9.75, 6, 12]},
			"faces": {
				"north": {"uv": [0, 0, 0, 0.5], "rotation": 270, "texture": "#missing"},
				"east": {"uv": [0, 0, 0, 0.5], "rotation": 90, "texture": "#missing"},
				"south": {"uv": [0, 0, 0, 0.5], "rotation": 90, "texture": "#missing"},
				"west": {"uv": [0, 0, 0, 0.5], "rotation": 90, "texture": "#missing"},
				"up": {"uv": [6.5, 4, 7, 4.5], "rotation": 90, "texture": "#missing"},
				"down": {"uv": [3, 9, 3.5, 9.5], "rotation": 90, "texture": "#0"}
			}
		},
		{
			"from": [10.75, 17, 2.75],
			"to": [12.75, 17, 3.75],
			"rotation": {"angle": 0, "axis": "y", "origin": [9.75, 6, 12]},
			"faces": {
				"north": {"uv": [0, 0, 0, 0.5], "rotation": 90, "texture": "#missing"},
				"east": {"uv": [0, 0, 0, 0.5], "rotation": 270, "texture": "#missing"},
				"south": {"uv": [0, 0, 0, 0.5], "rotation": 270, "texture": "#missing"},
				"west": {"uv": [0, 0, 0, 0.5], "rotation": 270, "texture": "#missing"},
				"up": {"uv": [5.5, 2.5, 6.5, 3], "rotation": 270, "texture": "#0"},
				"down": {"uv": [6.5, 4, 7, 4.5], "rotation": 270, "texture": "#missing"}
			}
		},
		{
			"from": [9.75, 18, 2.75],
			"to": [10.75, 18, 3.75],
			"rotation": {"angle": 0, "axis": "y", "origin": [9.75, 6, 12]},
			"faces": {
				"north": {"uv": [0, 0, 0, 0.5], "rotation": 90, "texture": "#missing"},
				"east": {"uv": [0, 0, 0, 0.5], "rotation": 270, "texture": "#missing"},
				"south": {"uv": [0, 0, 0, 0.5], "rotation": 270, "texture": "#missing"},
				"west": {"uv": [0, 0, 0, 0.5], "rotation": 270, "texture": "#missing"},
				"up": {"uv": [5, 2, 5.5, 2.5], "rotation": 270, "texture": "#0"},
				"down": {"uv": [6.5, 4, 7, 4.5], "rotation": 270, "texture": "#missing"}
			}
		},
		{
			"from": [6.75, 8, -2.75],
			"to": [8.75, 14, 3.25],
			"rotation": {"angle": 0, "axis": "y", "origin": [9.75, 6, 12]},
			"faces": {
				"north": {"uv": [15, 13, 16, 16], "texture": "#0"},
				"east": {"uv": [8, 13, 11, 16], "texture": "#0"},
				"south": {"uv": [11, 10, 12, 13], "texture": "#0"},
				"west": {"uv": [12, 13, 15, 16], "texture": "#0"},
				"up": {"uv": [11, 13, 12, 16], "rotation": 180, "texture": "#0"},
				"down": {"uv": [12, 10, 13, 13], "rotation": 180, "texture": "#0"}
			}
		}
	],
	"display": {
		"thirdperson_righthand": {
			"rotation": [0, 90, 0],
			"translation": [8, -5, 4]
		},
		"thirdperson_lefthand": {
			"rotation": [0, 90, 0],
			"translation": [8, -5, 4]
		},
		"firstperson_righthand": {
			"rotation": [-5, 175, 5],
			"translation": [-1.25, -9.25, -3.25]
		},
		"firstperson_lefthand": {
			"rotation": [-5, 175, 5],
			"translation": [-1.25, -9.25, -3.25]
		},
		"ground": {
			"rotation": [-21.36, 1.08, -5.88],
			"translation": [0, 4.25, 10]
		},
		"gui": {
			"rotation": [12, -34, -5],
			"translation": [-3, -2.25, 0],
			"scale": [0.65, 0.65, 0.65]
		},
		"head": {
			"rotation": [-180, 0, -180],
			"translation": [0, -8.5, -14],
			"scale": [1.5, 1.5, 1.5]
		},
		"fixed": {
			"rotation": [0, 180, 0],
			"translation": [0, -6, -8.5],
			"scale": [1.5, 1.5, 1.5]
		}
	},
	"groups": [
		0,
		1,
		{
			"name": "side",
			"origin": [9, 20, 0.5],
			"color": 0,
			"children": [2, 3, 4, 5, 6, 7, 8, 9, 10, 11, 12, 13, 14, 15, 16, 17, 18, 19, 20, 21, 22, 23, 24, 25, 26, 27, 28, 29, 30, 31, 32, 33, 34, 35, 36, 37, 38, 39, 40, 41, 42, 43, 44, 45]
		},
		46
	]
}