{
	"textures": {
		"0": "animated_java:blueprint/csch_mount_carriagon/cca_animals_1",
		"particle": "minecraft:item/pufferfish"
	},
	"display": {
		"head": {
			"rotation": [0, 180, 0]
		}
	},
	"elements": [
		{
			"from": [4, 9.95652, -3.80435],
			"to": [4, 11.95652, 7.19565],
			"rotation": {
				"angle": 0,
				"axis": "y",
				"origin": [8, 10.95652, 2.19565]
			},
			"faces": {
				"north": {
					"uv": [0, 0, 0, 0.25],
					"texture": "#0"
				},
				"south": {
					"uv": [0, 0, 0, 0.25],
					"texture": "#0"
				},
				"west": {
					"uv": [12.125, 5.875, 13.5, 6.125],
					"texture": "#0"
				},
				"up": {
					"uv": [0, 1.375, 0, 0],
					"texture": "#0"
				},
				"down": {
					"uv": [0, 0, 0, 1.375],
					"texture": "#0"
				}
			}
		},
		{
			"from": [4, 7.95652, 7.19565],
			"to": [4, 11.95652, 14.19565],
			"rotation": {
				"angle": 0,
				"axis": "y",
				"origin": [8, 9.95652, 5.19565]
			},
			"faces": {
				"north": {
					"uv": [0, 0, 0, 0.5],
					"texture": "#0"
				},
				"south": {
					"uv": [0, 0, 0, 0.5],
					"texture": "#0"
				},
				"west": {
					"uv": [4.125, 11.875, 5, 12.375],
					"texture": "#0"
				},
				"up": {
					"uv": [0, 0.875, 0, 0],
					"texture": "#0"
				},
				"down": {
					"uv": [0, 0, 0, 0.875],
					"texture": "#0"
				}
			}
		},
		{
			"from": [3.5, 8.95652, -3.80435],
			"to": [4, 9.95652, 6.19565],
			"rotation": {
				"angle": 0,
				"axis": "y",
				"origin": [8, 9.95652, 4.19565]
			},
			"faces": {
				"north": {
					"uv": [2.875, 8.5, 3, 8.625],
					"texture": "#0"
				},
				"east": {
					"uv": [0, 11.125, 1.25, 11.25],
					"texture": "#0"
				},
				"south": {
					"uv": [3.75, 9.125, 3.875, 9.25],
					"texture": "#0"
				},
				"west": {
					"uv": [11.625, 10.375, 12.875, 10.5],
					"texture": "#0"
				},
				"up": {
					"uv": [5.75, 12.5, 5.625, 11.25],
					"texture": "#0"
				},
				"down": {
					"uv": [5.875, 11.25, 5.75, 12.5],
					"texture": "#0"
				}
			}
		},
		{
			"from": [3.5, 7.95652, 6.19565],
			"to": [4, 9.95652, 7.19565],
			"rotation": {
				"angle": 0,
				"axis": "y",
				"origin": [8, 9.95652, 5.19565]
			},
			"faces": {
				"north": {
					"uv": [7.375, 10, 7.5, 10.25],
					"texture": "#0"
				},
				"east": {
					"uv": [6.5, 11, 6.625, 11.25],
					"texture": "#0"
				},
				"south": {
					"uv": [6.625, 11, 6.75, 11.25],
					"texture": "#0"
				},
				"west": {
					"uv": [6.75, 11, 6.875, 11.25],
					"texture": "#0"
				},
				"up": {
					"uv": [9.875, 5.25, 9.75, 5.125],
					"texture": "#0"
				},
				"down": {
					"uv": [10.25, 7.625, 10.125, 7.75],
					"texture": "#0"
				}
			}
		},
		{
			"from": [3.5, 6.95652, 6.19565],
			"to": [4, 7.95652, 9.19565],
			"rotation": {
				"angle": 0,
				"axis": "y",
				"origin": [8, 7.95652, 5.19565]
			},
			"faces": {
				"north": {
					"uv": [10.125, 9, 10.25, 9.125],
					"texture": "#0"
				},
				"east": {
					"uv": [9.375, 5.125, 9.75, 5.25],
					"texture": "#0"
				},
				"south": {
					"uv": [10.25, 6, 10.375, 6.125],
					"texture": "#0"
				},
				"west": {
					"uv": [6.875, 9.875, 7.25, 10],
					"texture": "#0"
				},
				"up": {
					"uv": [7.375, 10.25, 7.25, 9.875],
					"texture": "#0"
				},
				"down": {
					"uv": [11.125, 10.5, 11, 10.875],
					"texture": "#0"
				}
			}
		},
		{
			"from": [3.5, 2.95652, 9.19565],
			"to": [4, 7.95652, 10.19565],
			"rotation": {
				"angle": 0,
				"axis": "y",
				"origin": [8, 6.95652, 6.19565]
			},
			"faces": {
				"north": {
					"uv": [7.375, 9.375, 7.5, 10],
					"texture": "#0"
				},
				"east": {
					"uv": [9.875, 4.625, 10, 5.25],
					"texture": "#0"
				},
				"south": {
					"uv": [5.125, 11.875, 5.25, 12.5],
					"texture": "#0"
				},
				"west": {
					"uv": [4.625, 12.375, 4.75, 13],
					"texture": "#0"
				},
				"up": {
					"uv": [10.375, 7.75, 10.25, 7.625],
					"texture": "#0"
				},
				"down": {
					"uv": [10.375, 9, 10.25, 9.125],
					"texture": "#0"
				}
			}
		},
		{
			"from": [4, 3.95652, 10.19565],
			"to": [4, 7.95652, 14.19565],
			"rotation": {
				"angle": 0,
				"axis": "y",
				"origin": [8, 8.95652, 5.19565]
			},
			"faces": {
				"north": {
					"uv": [0, 0, 0, 0.5],
					"texture": "#0"
				},
				"south": {
					"uv": [0, 0, 0, 0.5],
					"texture": "#0"
				},
				"west": {
					"uv": [8.875, 7.875, 9.375, 8.375],
					"texture": "#0"
				},
				"up": {
					"uv": [0, 0.5, 0, 0],
					"texture": "#0"
				},
				"down": {
					"uv": [0, 0, 0, 0.5],
					"texture": "#0"
				}
			}
		},
		{
			"from": [3.5, 2.95652, 10.19565],
			"to": [4, 3.95652, 14.69565],
			"rotation": {
				"angle": 0,
				"axis": "y",
				"origin": [8, 8.95652, 4.19565]
			},
			"faces": {
				"north": {
					"uv": [10.375, 6, 10.5, 6.125],
					"texture": "#0"
				},
				"east": {
					"uv": [3.25, 9.25, 3.875, 9.375],
					"texture": "#0"
				},
				"south": {
					"uv": [10.375, 7.625, 10.5, 7.75],
					"texture": "#0"
				},
				"west": {
					"uv": [3.25, 9.375, 3.875, 9.5],
					"texture": "#0"
				},
				"up": {
					"uv": [4.875, 13, 4.75, 12.375],
					"texture": "#0"
				},
				"down": {
					"uv": [5, 12.375, 4.875, 13],
					"texture": "#0"
				}
			}
		},
		{
			"from": [4, 2.95652, 14.19565],
			"to": [5, 7.95652, 14.69565],
			"rotation": {
				"angle": 0,
				"axis": "y",
				"origin": [8.5, 8.95652, 4.19565]
			},
			"faces": {
				"north": {
					"uv": [7.75, 12.375, 7.875, 13],
					"texture": "#0"
				},
				"east": {
					"uv": [7.875, 12.375, 8, 13],
					"texture": "#0"
				},
				"south": {
					"uv": [8, 12.375, 8.125, 13],
					"texture": "#0"
				},
				"west": {
					"uv": [8.125, 12.375, 8.25, 13],
					"texture": "#0"
				},
				"up": {
					"uv": [10.5, 9.125, 10.375, 9],
					"texture": "#0"
				},
				"down": {
					"uv": [10.625, 3, 10.5, 3.125],
					"texture": "#0"
				}
			}
		},
		{
			"from": [12, 8.95652, -3.80435],
			"to": [12.5, 9.95652, 6.19565],
			"rotation": {
				"angle": 0,
				"axis": "y",
				"origin": [8, 9.95652, 4.19565]
			},
			"faces": {
				"north": {
					"uv": [10.5, 8, 10.625, 8.125],
					"texture": "#0"
				},
				"east": {
					"uv": [12.125, 7.125, 13.375, 7.25],
					"texture": "#0"
				},
				"south": {
					"uv": [10.5, 9, 10.625, 9.125],
					"texture": "#0"
				},
				"west": {
					"uv": [12.125, 7.25, 13.375, 7.375],
					"texture": "#0"
				},
				"up": {
					"uv": [9.5, 12.5, 9.375, 11.25],
					"texture": "#0"
				},
				"down": {
					"uv": [9.625, 11.25, 9.5, 12.5],
					"texture": "#0"
				}
			}
		},
		{
			"from": [3.5, 8.95652, -4.30435],
			"to": [12.5, 9.95652, -3.80435],
			"rotation": {
				"angle": 0,
				"axis": "y",
				"origin": [8, 9.95652, 4.69565]
			},
			"faces": {
				"north": {
					"uv": [1.25, 12.375, 2.375, 12.5],
					"texture": "#0"
				},
				"east": {
					"uv": [10.625, 2.5, 10.75, 2.625],
					"texture": "#0"
				},
				"south": {
					"uv": [2.375, 12.375, 3.5, 12.5],
					"texture": "#0"
				},
				"west": {
					"uv": [2.875, 10.625, 3, 10.75],
					"texture": "#0"
				},
				"up": {
					"uv": [4.625, 12.5, 3.5, 12.375],
					"texture": "#0"
				},
				"down": {
					"uv": [7, 12.375, 5.875, 12.5],
					"texture": "#0"
				}
			}
		},
		{
			"from": [12, 7.95652, 6.19565],
			"to": [12.5, 9.95652, 7.19565],
			"rotation": {
				"angle": 0,
				"axis": "y",
				"origin": [8, 9.95652, 5.19565]
			},
			"faces": {
				"north": {
					"uv": [7.625, 11, 7.75, 11.25],
					"texture": "#0"
				},
				"east": {
					"uv": [7.75, 11, 7.875, 11.25],
					"texture": "#0"
				},
				"south": {
					"uv": [7.875, 11, 8, 11.25],
					"texture": "#0"
				},
				"west": {
					"uv": [11.25, 10.5, 11.375, 10.75],
					"texture": "#0"
				},
				"up": {
					"uv": [10.75, 3.125, 10.625, 3],
					"texture": "#0"
				},
				"down": {
					"uv": [10.75, 8, 10.625, 8.125],
					"texture": "#0"
				}
			}
		},
		{
			"from": [12, 6.95652, 6.19565],
			"to": [12.5, 7.95652, 9.19565],
			"rotation": {
				"angle": 0,
				"axis": "y",
				"origin": [8, 7.95652, 5.19565]
			},
			"faces": {
				"north": {
					"uv": [10.625, 9, 10.75, 9.125],
					"texture": "#0"
				},
				"east": {
					"uv": [6.875, 10, 7.25, 10.125],
					"texture": "#0"
				},
				"south": {
					"uv": [10.75, 2.5, 10.875, 2.625],
					"texture": "#0"
				},
				"west": {
					"uv": [10.125, 6.625, 10.5, 6.75],
					"texture": "#0"
				},
				"up": {
					"uv": [11.25, 10.875, 11.125, 10.5],
					"texture": "#0"
				},
				"down": {
					"uv": [8.375, 11.25, 8.25, 11.625],
					"texture": "#0"
				}
			}
		},
		{
			"from": [12, 2.95652, 9.19565],
			"to": [12.5, 7.95652, 10.19565],
			"rotation": {
				"angle": 0,
				"axis": "y",
				"origin": [8, 6.95652, 6.19565]
			},
			"faces": {
				"north": {
					"uv": [11.125, 12.375, 11.25, 13],
					"texture": "#0"
				},
				"east": {
					"uv": [11.25, 12.375, 11.375, 13],
					"texture": "#0"
				},
				"south": {
					"uv": [12.375, 11.75, 12.5, 12.375],
					"texture": "#0"
				},
				"west": {
					"uv": [12.375, 12.375, 12.5, 13],
					"texture": "#0"
				},
				"up": {
					"uv": [10.875, 3.125, 10.75, 3],
					"texture": "#0"
				},
				"down": {
					"uv": [10.875, 5.875, 10.75, 6],
					"texture": "#0"
				}
			}
		},
		{
			"from": [12, 2.95652, 10.19565],
			"to": [12.5, 3.95652, 14.69565],
			"rotation": {
				"angle": 0,
				"axis": "y",
				"origin": [8, 8.95652, 4.19565]
			},
			"faces": {
				"north": {
					"uv": [10.75, 10.5, 10.875, 10.625],
					"texture": "#0"
				},
				"east": {
					"uv": [9.375, 5.25, 10, 5.375],
					"texture": "#0"
				},
				"south": {
					"uv": [10.875, 0.5, 11, 0.625],
					"texture": "#0"
				},
				"west": {
					"uv": [3.25, 9.5, 3.875, 9.625],
					"texture": "#0"
				},
				"up": {
					"uv": [1.375, 13.125, 1.25, 12.5],
					"texture": "#0"
				},
				"down": {
					"uv": [1.5, 12.5, 1.375, 13.125],
					"texture": "#0"
				}
			}
		},
		{
			"from": [11, 2.95652, 14.19565],
			"to": [12, 7.95652, 14.69565],
			"rotation": {
				"angle": 0,
				"axis": "y",
				"origin": [7.5, 8.95652, 4.19565]
			},
			"faces": {
				"north": {
					"uv": [1.5, 12.5, 1.625, 13.125],
					"texture": "#0"
				},
				"east": {
					"uv": [1.625, 12.5, 1.75, 13.125],
					"texture": "#0"
				},
				"south": {
					"uv": [1.75, 12.5, 1.875, 13.125],
					"texture": "#0"
				},
				"west": {
					"uv": [1.875, 12.5, 2, 13.125],
					"texture": "#0"
				},
				"up": {
					"uv": [11, 7.125, 10.875, 7],
					"texture": "#0"
				},
				"down": {
					"uv": [11.125, 4.5, 11, 4.625],
					"texture": "#0"
				}
			}
		},
		{
			"from": [5, 6.95652, 14.19565],
			"to": [11, 7.95652, 14.69565],
			"rotation": {
				"angle": 0,
				"axis": "y",
				"origin": [9.5, 8.95652, 4.19565]
			},
			"faces": {
				"north": {
					"uv": [3.25, 11.125, 4, 11.25],
					"texture": "#0"
				},
				"east": {
					"uv": [8.5, 11, 8.625, 11.125],
					"texture": "#0"
				},
				"south": {
					"uv": [7, 12.375, 7.75, 12.5],
					"texture": "#0"
				},
				"west": {
					"uv": [8.625, 11, 8.75, 11.125],
					"texture": "#0"
				},
				"up": {
					"uv": [10.375, 12.5, 9.625, 12.375],
					"texture": "#0"
				},
				"down": {
					"uv": [11.125, 12.375, 10.375, 12.5],
					"texture": "#0"
				}
			}
		},
		{
			"from": [4, 11.95652, -3.80435],
			"to": [12, 11.95652, 14.19565],
			"rotation": {
				"angle": 0,
				"axis": "y",
				"origin": [8, 14.45652, -3.80435]
			},
			"faces": {
				"north": {
					"uv": [0, 0, 1, 0],
					"texture": "#0"
				},
				"east": {
					"uv": [0, 0, 2.25, 0],
					"texture": "#0"
				},
				"south": {
					"uv": [0, 0, 1, 0],
					"texture": "#0"
				},
				"west": {
					"uv": [0, 0, 2.25, 0],
					"texture": "#0"
				},
				"up": {
					"uv": [9.25, 14, 8.25, 11.75],
					"texture": "#0"
				}
			}
		},
		{
			"from": [5, 11.95652, -0.80435],
			"to": [11, 13.95652, 12.19565],
			"rotation": {
				"angle": 0,
				"axis": "y",
				"origin": [8, 14.45652, -3.80435]
			},
			"faces": {
				"north": {
					"uv": [11.625, 10.125, 12.375, 10.375],
					"texture": "#0"
				},
				"east": {
					"uv": [11.625, 9.625, 13.25, 9.875],
					"texture": "#0"
				},
				"south": {
					"uv": [0.75, 11.875, 1.5, 12.125],
					"texture": "#0"
				},
				"west": {
					"uv": [11.625, 9.875, 13.25, 10.125],
					"texture": "#0"
				},
				"up": {
					"uv": [0.75, 13.5, 0, 11.875],
					"texture": "#0"
				}
			}
		},
		{
			"from": [7, 13.95652, 4.19565],
			"to": [9, 14.95652, 6.19565],
			"rotation": {
				"angle": 0,
				"axis": "y",
				"origin": [8, 14.45652, -3.80435]
			},
			"faces": {
				"north": {
					"uv": [8.875, 11, 9.125, 11.125],
					"texture": "#0"
				},
				"east": {
					"uv": [11, 10.875, 11.25, 11],
					"texture": "#0"
				},
				"south": {
					"uv": [1.875, 11.125, 2.125, 11.25],
					"texture": "#0"
				},
				"west": {
					"uv": [2.125, 11.125, 2.375, 11.25],
					"texture": "#0"
				},
				"up": {
					"uv": [1.75, 12.125, 1.5, 11.875],
					"texture": "#0"
				}
			}
		},
		{
			"from": [7, 15.95652, 4.19565],
			"to": [9, 16.95652, 6.19565],
			"rotation": {
				"angle": 0,
				"axis": "y",
				"origin": [8, 14.45652, -3.80435]
			},
			"faces": {
				"north": {
					"uv": [9, 7.75, 9.25, 7.875],
					"texture": "#0"
				},
				"east": {
					"uv": [9.375, 5, 9.625, 5.125],
					"texture": "#0"
				},
				"south": {
					"uv": [6.875, 9.75, 7.125, 9.875],
					"texture": "#0"
				},
				"west": {
					"uv": [7.125, 9.75, 7.375, 9.875],
					"texture": "#0"
				},
				"up": {
					"uv": [9.875, 4.875, 9.625, 4.625],
					"texture": "#0"
				},
				"down": {
					"uv": [9.875, 4.875, 9.625, 5.125],
					"texture": "#0"
				}
			}
		},
		{
			"from": [7.0625, 16.95652, 5.19565],
			"to": [8.9375, 19.95652, 5.19565],
			"rotation": {
				"angle": 0,
				"axis": "y",
				"origin": [8, 19.45652, 5.19565]
			},
			"faces": {
				"north": {
					"uv": [9, 7.375, 9.25, 7.75],
					"texture": "#0"
				},
				"east": {
					"uv": [0, 0, 0, 0.375],
					"texture": "#0"
				},
				"south": {
					"uv": [9.375, 4.625, 9.625, 5],
					"texture": "#0"
				},
				"west": {
					"uv": [0, 0, 0, 0.375],
					"texture": "#0"
				},
				"up": {
					"uv": [0.25, 0, 0, 0],
					"texture": "#0"
				},
				"down": {
					"uv": [0.25, 0, 0, 0],
					"texture": "#0"
				}
			}
		},
		{
			"from": [7.5, 19.95652, 5.19565],
			"to": [8.5, 20.95652, 5.19565],
			"rotation": {
				"angle": 0,
				"axis": "y",
				"origin": [8, 19.45652, 5.19565]
			},
			"faces": {
				"north": {
					"uv": [9.25, 7.625, 9.375, 7.75],
					"texture": "#0"
				},
				"east": {
					"uv": [0, 0, 0, 0.125],
					"texture": "#0"
				},
				"south": {
					"uv": [9.25, 7.75, 9.375, 7.875],
					"texture": "#0"
				},
				"west": {
					"uv": [0, 0, 0, 0.125],
					"texture": "#0"
				},
				"up": {
					"uv": [0.125, 0, 0, 0],
					"texture": "#0"
				},
				"down": {
					"uv": [0.125, 0, 0, 0],
					"texture": "#0"
				}
			}
		},
		{
			"from": [8, 16.95652, 4.25815],
			"to": [8, 19.95652, 6.13315],
			"rotation": {
				"angle": 0,
				"axis": "y",
				"origin": [8, 19.45652, 5.19565]
			},
			"faces": {
				"north": {
					"uv": [0, 0, 0, 0.375],
					"texture": "#0"
				},
				"east": {
					"uv": [6.875, 9.375, 7.125, 9.75],
					"texture": "#0"
				},
				"south": {
					"uv": [0, 0, 0, 0.375],
					"texture": "#0"
				},
				"west": {
					"uv": [7.125, 9.375, 7.375, 9.75],
					"texture": "#0"
				},
				"up": {
					"uv": [0.25, 0, 0, 0],
					"rotation": 90,
					"texture": "#0"
				},
				"down": {
					"uv": [0.25, 0, 0, 0],
					"rotation": 270,
					"texture": "#0"
				}
			}
		},
		{
			"from": [8, 19.95652, 4.69565],
			"to": [8, 20.95652, 5.69565],
			"rotation": {
				"angle": 0,
				"axis": "y",
				"origin": [8, 19.45652, 5.19565]
			},
			"faces": {
				"north": {
					"uv": [0, 0, 0, 0.125],
					"texture": "#0"
				},
				"east": {
					"uv": [9.25, 7.375, 9.375, 7.5],
					"texture": "#0"
				},
				"south": {
					"uv": [0, 0, 0, 0.125],
					"texture": "#0"
				},
				"west": {
					"uv": [9.25, 7.5, 9.375, 7.625],
					"texture": "#0"
				},
				"up": {
					"uv": [0.125, 0, 0, 0],
					"rotation": 90,
					"texture": "#0"
				},
				"down": {
					"uv": [0.125, 0, 0, 0],
					"rotation": 270,
					"texture": "#0"
				}
			}
		},
		{
			"from": [7.3125, 14.95652, 4.50815],
			"to": [8.6875, 15.95652, 5.88315],
			"rotation": {
				"angle": -45,
				"axis": "y",
				"origin": [8, 15.45652, 5.19565]
			},
			"faces": {
				"north": {
					"uv": [9.125, 11, 9.25, 11.125],
					"texture": "#0"
				},
				"east": {
					"uv": [4, 11.125, 4.125, 11.25],
					"texture": "#0"
				},
				"south": {
					"uv": [4.125, 11.125, 4.25, 11.25],
					"texture": "#0"
				},
				"west": {
					"uv": [9.625, 11.25, 9.75, 11.375],
					"texture": "#0"
				},
				"up": {
					"uv": [11.375, 10.875, 11.25, 10.75],
					"texture": "#0"
				},
				"down": {
					"uv": [11.375, 10.875, 11.25, 11],
					"texture": "#0"
				}
			}
		},
		{
			"from": [12, 7.95652, 7.19565],
			"to": [12, 11.95652, 14.19565],
			"rotation": {
				"angle": 0,
				"axis": "y",
				"origin": [8, 9.95652, 5.19565]
			},
			"faces": {
				"north": {
					"uv": [0, 0, 0, 0.5],
					"texture": "#0"
				},
				"east": {
					"uv": [5, 11.875, 4.125, 12.375],
					"texture": "#0"
				},
				"south": {
					"uv": [0, 0, 0, 0.5],
					"texture": "#0"
				},
				"up": {
					"uv": [0, 0.875, 0, 0],
					"texture": "#0"
				},
				"down": {
					"uv": [0, 0, 0, 0.875],
					"texture": "#0"
				}
			}
		},
		{
			"from": [12, 9.95652, -3.80435],
			"to": [12, 11.95652, 7.19565],
			"rotation": {
				"angle": 0,
				"axis": "y",
				"origin": [8, 10.95652, 2.19565]
			},
			"faces": {
				"north": {
					"uv": [0, 0, 0, 0.25],
					"texture": "#0"
				},
				"east": {
					"uv": [13.5, 5.875, 12.125, 6.125],
					"texture": "#0"
				},
				"south": {
					"uv": [0, 0, 0, 0.25],
					"texture": "#0"
				},
				"up": {
					"uv": [0, 1.375, 0, 0],
					"texture": "#0"
				},
				"down": {
					"uv": [0, 0, 0, 1.375],
					"texture": "#0"
				}
			}
		},
		{
			"from": [12, 3.95652, 10.19565],
			"to": [12, 7.95652, 14.19565],
			"rotation": {
				"angle": 0,
				"axis": "y",
				"origin": [8, 8.95652, 5.19565]
			},
			"faces": {
				"north": {
					"uv": [0, 0, 0, 0.5],
					"texture": "#0"
				},
				"east": {
					"uv": [9.375, 7.875, 8.875, 8.375],
					"texture": "#0"
				},
				"south": {
					"uv": [0, 0, 0, 0.5],
					"texture": "#0"
				},
				"up": {
					"uv": [0, 0.5, 0, 0],
					"texture": "#0"
				},
				"down": {
					"uv": [0, 0, 0, 0.5],
					"texture": "#0"
				}
			}
		},
		{
			"from": [4, 7.95652, 14.19565],
			"to": [12, 11.95652, 14.19565],
			"rotation": {
				"angle": 0,
				"axis": "y",
				"origin": [8, 13.45652, 5.19565]
			},
			"faces": {
				"south": {
					"uv": [2.25, 11.875, 3.25, 12.375],
					"texture": "#0"
				},
				"west": {
					"uv": [0, 0, 0, 0.5],
					"texture": "#0"
				},
				"up": {
					"uv": [1, 0, 0, 0],
					"texture": "#0"
				},
				"down": {
					"uv": [1, 0, 0, 0],
					"texture": "#0"
				}
			}
		},
		{
			"from": [4, 9.95652, -3.80435],
			"to": [12, 11.95652, -3.80435],
			"rotation": {
				"angle": 0,
				"axis": "y",
				"origin": [10, 13.45652, -11.80435]
			},
			"faces": {
				"north": {
					"uv": [12.125, 6.625, 13.125, 6.875],
					"texture": "#0"
				},
				"east": {
					"uv": [0, 0, 0, 0.25],
					"texture": "#0"
				},
				"west": {
					"uv": [0, 0, 0, 0.25],
					"texture": "#0"
				},
				"up": {
					"uv": [1, 0, 0, 0],
					"texture": "#0"
				},
				"down": {
					"uv": [1, 0, 0, 0],
					"texture": "#0"
				}
			}
		},
		{
			"from": [3.25, 1, 7],
			"to": [4, 9, 8],
			"rotation": {
				"angle": 20,
				"axis": "x",
				"origin": [3, 7, 8]
			},
			"faces": {
				"north": {
					"uv": [11.375, 11.75, 11.5, 12.75],
					"texture": "#0"
				},
				"east": {
					"uv": [11.75, 11.75, 11.875, 12.75],
					"texture": "#0"
				},
				"south": {
					"uv": [11.625, 11.75, 11.75, 12.75],
					"texture": "#0"
				},
				"west": {
					"uv": [11.5, 11.75, 11.625, 12.75],
					"texture": "#0"
				},
				"up": {
					"uv": [8.875, 7.375, 9, 7.5],
					"texture": "#0"
				},
				"down": {
					"uv": [8.875, 7.5, 9, 7.625],
					"texture": "#0"
				}
			}
		},
		{
			"from": [12, 1, 7],
			"to": [12.75, 9, 8],
			"rotation": {
				"angle": 20,
				"axis": "x",
				"origin": [13, 7, 8]
			},
			"faces": {
				"north": {
					"uv": [11.375, 11.75, 11.5, 12.75],
					"texture": "#0"
				},
				"east": {
					"uv": [11.5, 11.75, 11.625, 12.75],
					"texture": "#0"
				},
				"south": {
					"uv": [11.625, 11.75, 11.75, 12.75],
					"texture": "#0"
				},
				"west": {
					"uv": [11.75, 11.75, 11.875, 12.75],
					"texture": "#0"
				},
				"up": {
					"uv": [9, 7.5, 8.875, 7.375],
					"texture": "#0"
				},
				"down": {
					"uv": [9, 7.5, 8.875, 7.625],
					"texture": "#0"
				}
			}
		},
		{
			"from": [4, 1, 7],
			"to": [12, 2, 8],
			"rotation": {
				"angle": 20,
				"axis": "x",
				"origin": [13, 7, 8]
			},
			"faces": {
				"north": {
					"uv": [11.625, 9.125, 12.625, 9.25],
					"texture": "#0"
				},
				"east": {
					"uv": [8.875, 7.625, 9, 7.75],
					"texture": "#0"
				},
				"south": {
					"uv": [11.625, 9.25, 12.625, 9.375],
					"texture": "#0"
				},
				"west": {
					"uv": [8.875, 7.75, 9, 7.875],
					"texture": "#0"
				},
				"up": {
					"uv": [12.625, 9.5, 11.625, 9.375],
					"texture": "#0"
				},
				"down": {
					"uv": [12.625, 9.5, 11.625, 9.625],
					"texture": "#0"
				}
			}
		}
	]
}