{
	"textures": {
		"0": "animated_java:blueprint/csch_mount_carriagon/cca_animals_1",
		"particle": "minecraft:item/pufferfish"
	},
	"display": {
		"head": {
			"rotation": [0, 180, 0]
		}
	},
	"elements": [
		{
			"from": [6.5, 7.1723, 3.32982],
			"to": [9.5, 10.1723, 9.32982],
			"rotation": {
				"angle": -32.5,
				"axis": "x",
				"origin": [6.5, 7.1723, 9.32982]
			},
			"faces": {
				"north": {
					"uv": [10.75, 5, 10.375, 5.375],
					"rotation": 180,
					"texture": "#0"
				},
				"east": {
					"uv": [2.25, 9.875, 2.625, 10.625],
					"rotation": 270,
					"texture": "#0"
				},
				"south": {
					"uv": [10.75, 5, 10.375, 4.625],
					"texture": "#0"
				},
				"west": {
					"uv": [9.875, 3.875, 10.25, 4.625],
					"rotation": 90,
					"texture": "#0"
				},
				"up": {
					"uv": [1.875, 9.875, 2.25, 10.625],
					"rotation": 180,
					"texture": "#0"
				},
				"down": {
					"uv": [2.625, 9.875, 3, 10.625],
					"texture": "#0"
				}
			}
		},
		{
			"from": [6.5, 8.1723, 0.82982],
			"to": [9.5, 10.1723, 3.32982],
			"rotation": {
				"angle": -32.5,
				"axis": "x",
				"origin": [6.5, 7.1723, 9.32982]
			},
			"faces": {
				"north": {
					"uv": [9.75, 8.125, 9.375, 8.375],
					"rotation": 180,
					"texture": "#0"
				},
				"east": {
					"uv": [7.625, 5.5, 7.875, 5.875],
					"rotation": 270,
					"texture": "#0"
				},
				"south": {
					"uv": [9.375, 7.375, 9, 7.125],
					"texture": "#0"
				},
				"west": {
					"uv": [6.625, 10.375, 6.875, 10.75],
					"rotation": 90,
					"texture": "#0"
				},
				"up": {
					"uv": [5.875, 10.375, 6.25, 10.75],
					"rotation": 180,
					"texture": "#0"
				},
				"down": {
					"uv": [6.25, 10.375, 6.625, 10.75],
					"texture": "#0"
				}
			}
		}
	]
}