{
	"textures": {
		"0": "animated_java:blueprint/csch_mount_carriagon/cca_animals_1",
		"particle": "minecraft:item/pufferfish"
	},
	"display": {
		"head": {
			"rotation": [0, 180, 0]
		}
	},
	"elements": [
		{
			"from": [5.5, 7, 5],
			"to": [9.5, 9.5, 10],
			"rotation": {
				"angle": 0,
				"axis": "y",
				"origin": [11, 0, 6]
			},
			"faces": {
				"north": {
					"uv": [10.25, 5.625, 10.75, 6],
					"texture": "#0"
				},
				"east": {
					"uv": [10.25, 3.125, 10.875, 3.5],
					"texture": "#0"
				},
				"south": {
					"uv": [7.25, 10.25, 7.75, 10.625],
					"texture": "#0"
				},
				"west": {
					"uv": [10.25, 3.5, 10.875, 3.875],
					"texture": "#0"
				},
				"up": {
					"uv": [10.25, 8.75, 9.75, 8.125],
					"texture": "#0"
				},
				"down": {
					"uv": [9, 9.75, 8.5, 10.375],
					"texture": "#0"
				}
			}
		},
		{
			"from": [5.5, 7, 3],
			"to": [9.5, 9, 5],
			"rotation": {
				"angle": 0,
				"axis": "y",
				"origin": [11, 0, 6]
			},
			"faces": {
				"north": {
					"uv": [3.25, 4.5, 3.75, 4.75],
					"texture": "#0"
				},
				"east": {
					"uv": [9.375, 10, 9.625, 10.25],
					"texture": "#0"
				},
				"south": {
					"uv": [6.625, 6, 7.125, 6.25],
					"texture": "#0"
				},
				"west": {
					"uv": [10.75, 5.125, 11, 5.375],
					"texture": "#0"
				},
				"up": {
					"uv": [10.75, 8.75, 10.25, 8.5],
					"texture": "#0"
				},
				"down": {
					"uv": [10.875, 0.375, 10.375, 0.625],
					"texture": "#0"
				}
			}
		},
		{
			"from": [6.5, 7, 0],
			"to": [8.5, 8.75, 3],
			"rotation": {
				"angle": 0,
				"axis": "y",
				"origin": [11, 0, 3]
			},
			"faces": {
				"north": {
					"uv": [10.75, 5.625, 11, 5.875],
					"texture": "#0"
				},
				"east": {
					"uv": [10.625, 2, 11, 2.25],
					"texture": "#0"
				},
				"south": {
					"uv": [5.875, 10.75, 6.125, 11],
					"texture": "#0"
				},
				"west": {
					"uv": [10.625, 2.25, 11, 2.5],
					"texture": "#0"
				},
				"up": {
					"uv": [2.625, 11, 2.375, 10.625],
					"texture": "#0"
				},
				"down": {
					"uv": [2.875, 10.625, 2.625, 11],
					"texture": "#0"
				}
			}
		},
		{
			"from": [5.5, 7, 1],
			"to": [6.5, 8.5, 3],
			"rotation": {
				"angle": 7.5,
				"axis": "y",
				"origin": [6.5, 7, 3]
			},
			"faces": {
				"north": {
					"uv": [8, 8.25, 8.125, 8.5],
					"texture": "#0"
				},
				"east": {
					"uv": [6.125, 10.75, 6.375, 11],
					"texture": "#0"
				},
				"south": {
					"uv": [1, 10.5, 1.125, 10.75],
					"texture": "#0"
				},
				"west": {
					"uv": [6.375, 10.75, 6.625, 11],
					"texture": "#0"
				},
				"up": {
					"uv": [11, 9, 10.875, 8.75],
					"texture": "#0"
				},
				"down": {
					"uv": [11, 10.5, 10.875, 10.75],
					"texture": "#0"
				}
			}
		},
		{
			"from": [8.5, 7, 1],
			"to": [9.5, 8.5, 3],
			"rotation": {
				"angle": -7.5,
				"axis": "y",
				"origin": [8.5, 7, 3]
			},
			"faces": {
				"north": {
					"uv": [10.875, 10.75, 11, 11],
					"texture": "#0"
				},
				"east": {
					"uv": [6.625, 10.75, 6.875, 11],
					"texture": "#0"
				},
				"south": {
					"uv": [11, 0.5, 11.125, 0.75],
					"texture": "#0"
				},
				"west": {
					"uv": [10.75, 8, 11, 8.25],
					"texture": "#0"
				},
				"up": {
					"uv": [11.125, 1, 11, 0.75],
					"texture": "#0"
				},
				"down": {
					"uv": [11.125, 1, 11, 1.25],
					"texture": "#0"
				}
			}
		},
		{
			"from": [6.5, 7, 10],
			"to": [8.5, 8.5, 12],
			"rotation": {
				"angle": 0,
				"axis": "y",
				"origin": [11, 0, 13]
			},
			"faces": {
				"north": {
					"uv": [10.75, 8.25, 11, 8.5],
					"texture": "#0"
				},
				"east": {
					"uv": [8.5, 10.75, 8.75, 11],
					"texture": "#0"
				},
				"south": {
					"uv": [10.75, 8.5, 11, 8.75],
					"texture": "#0"
				},
				"west": {
					"uv": [9, 10.75, 9.25, 11],
					"texture": "#0"
				},
				"up": {
					"uv": [11, 9.25, 10.75, 9],
					"texture": "#0"
				},
				"down": {
					"uv": [11, 9.25, 10.75, 9.5],
					"texture": "#0"
				}
			}
		},
		{
			"from": [6.75, 7, 12],
			"to": [8.25, 8.25, 13.25],
			"rotation": {
				"angle": 0,
				"axis": "y",
				"origin": [11, 0, 15]
			},
			"faces": {
				"north": {
					"uv": [4.875, 7.75, 5.125, 7.875],
					"texture": "#0"
				},
				"east": {
					"uv": [4.875, 7.875, 5, 8],
					"texture": "#0"
				},
				"south": {
					"uv": [5.125, 7.75, 5.375, 7.875],
					"texture": "#0"
				},
				"west": {
					"uv": [5, 7.875, 5.125, 8],
					"texture": "#0"
				},
				"up": {
					"uv": [5.625, 7.875, 5.375, 7.75],
					"texture": "#0"
				},
				"down": {
					"uv": [5.875, 7.75, 5.625, 7.875],
					"texture": "#0"
				}
			}
		}
	]
}