{
	"textures": {
		"0": "animated_java:blueprint/csch_mount_carriagon/cca_animals_1",
		"particle": "minecraft:item/pufferfish"
	},
	"display": {
		"head": {
			"rotation": [0, 180, 0]
		}
	},
	"elements": [
		{
			"from": [6, 6.19708, 6.1003],
			"to": [10, 10.19708, 16.1003],
			"rotation": {
				"angle": 25,
				"axis": "x",
				"origin": [6, 5.19708, 6.1003]
			},
			"faces": {
				"north": {
					"uv": [10.5, 3.125, 10, 2.625],
					"rotation": 180,
					"texture": "#0"
				},
				"east": {
					"uv": [8, 8.5, 8.5, 9.75],
					"rotation": 90,
					"texture": "#0"
				},
				"south": {
					"uv": [10.5, 6.125, 10, 6.625],
					"texture": "#0"
				},
				"west": {
					"uv": [0.75, 8.625, 1.25, 9.875],
					"rotation": 270,
					"texture": "#0"
				},
				"up": {
					"uv": [8.5, 8.5, 9, 9.75],
					"texture": "#0"
				},
				"down": {
					"uv": [7.5, 8.25, 8, 9.5],
					"rotation": 180,
					"texture": "#0"
				}
			}
		},
		{
			"from": [5.5, 4.69708, 4.1003],
			"to": [10.5, 11.69708, 13.1003],
			"rotation": {
				"angle": 0,
				"axis": "y",
				"origin": [11.5, 3.19708, 9.1003]
			},
			"faces": {
				"north": {
					"uv": [3.875, 9.25, 4.5, 10.125],
					"texture": "#0"
				},
				"east": {
					"uv": [7, 7.375, 8.125, 8.25],
					"texture": "#0"
				},
				"south": {
					"uv": [4.5, 9.25, 5.125, 10.125],
					"texture": "#0"
				},
				"west": {
					"uv": [0, 7.625, 1.125, 8.5],
					"texture": "#0"
				},
				"up": {
					"uv": [8.75, 8.5, 8.125, 7.375],
					"texture": "#0"
				},
				"down": {
					"uv": [7.5, 8.25, 6.875, 9.375],
					"texture": "#0"
				}
			}
		}
	]
}