{
	"textures": {
		"0": "animated_java:blueprint/csch_mount_carriagon/cca_animals_1",
		"particle": "minecraft:item/pufferfish"
	},
	"display": {
		"head": {
			"rotation": [0, 180, 0]
		}
	},
	"elements": [
		{
			"from": [7, 4.9495, 1.05256],
			"to": [9, 6.9495, 7.05256],
			"rotation": {
				"angle": -25,
				"axis": "x",
				"origin": [6, 10.1995, 3.05256]
			},
			"faces": {
				"north": {
					"uv": [11.125, 4, 10.875, 4.25],
					"rotation": 180,
					"texture": "#0"
				},
				"east": {
					"uv": [9.875, 10.25, 10.125, 11],
					"rotation": 270,
					"texture": "#0"
				},
				"south": {
					"uv": [4.25, 11.125, 4, 10.875],
					"texture": "#0"
				},
				"west": {
					"uv": [10.375, 1.875, 10.625, 2.625],
					"rotation": 90,
					"texture": "#0"
				},
				"up": {
					"uv": [7.75, 10.25, 8, 11],
					"rotation": 180,
					"texture": "#0"
				},
				"down": {
					"uv": [10.125, 10.25, 10.375, 11],
					"texture": "#0"
				}
			}
		},
		{
			"from": [6.625, 4.59615, 0.45869],
			"to": [9.375, 6.34615, 3.45869],
			"rotation": {
				"angle": -10,
				"axis": "x",
				"origin": [7, 4.59615, 3.45869]
			},
			"faces": {
				"north": {
					"uv": [11.125, 4.875, 10.75, 5.125],
					"rotation": 180,
					"texture": "#0"
				},
				"east": {
					"uv": [3.25, 10.75, 3.5, 11.125],
					"rotation": 270,
					"texture": "#0"
				},
				"south": {
					"uv": [11.125, 4.875, 10.75, 4.625],
					"texture": "#0"
				},
				"west": {
					"uv": [3.5, 10.75, 3.75, 11.125],
					"rotation": 90,
					"texture": "#0"
				},
				"up": {
					"uv": [10.5, 9.875, 10.875, 10.25],
					"rotation": 180,
					"texture": "#0"
				},
				"down": {
					"uv": [10.625, 0.875, 11, 1.25],
					"texture": "#0"
				}
			}
		},
		{
			"from": [7, 5.9495, 0.05256],
			"to": [9, 6.9495, 1.05256],
			"rotation": {
				"angle": -25,
				"axis": "x",
				"origin": [6, 10.1995, 3.05256]
			},
			"faces": {
				"north": {
					"uv": [8.25, 0.75, 8, 0.875],
					"rotation": 180,
					"texture": "#0"
				},
				"east": {
					"uv": [8.75, 8.375, 8.875, 8.5],
					"rotation": 270,
					"texture": "#0"
				},
				"south": {
					"uv": [7.875, 6, 7.625, 5.875],
					"texture": "#0"
				},
				"west": {
					"uv": [8.875, 1.625, 9, 1.75],
					"rotation": 90,
					"texture": "#0"
				},
				"up": {
					"uv": [7.25, 4.625, 7.5, 4.75],
					"rotation": 180,
					"texture": "#0"
				},
				"down": {
					"uv": [3, 7.5, 3.25, 7.625],
					"texture": "#0"
				}
			}
		},
		{
			"from": [6.525, 4.3252, -1.49573],
			"to": [7.4, 5.3252, 1.94177],
			"rotation": {
				"angle": 0,
				"axis": "y",
				"origin": [6.525, 4.3252, 0.50427]
			},
			"faces": {
				"north": {
					"uv": [9, 8.375, 8.875, 8.5],
					"rotation": 180,
					"texture": "#0"
				},
				"east": {
					"uv": [6.875, 10.875, 7, 11.25],
					"rotation": 270,
					"texture": "#0"
				},
				"south": {
					"uv": [9, 5.5, 8.875, 5.375],
					"texture": "#0"
				},
				"west": {
					"uv": [7.125, 10.875, 7.25, 11.25],
					"rotation": 90,
					"texture": "#0"
				},
				"up": {
					"uv": [10.875, 6.625, 11, 7],
					"rotation": 180,
					"texture": "#0"
				},
				"down": {
					"uv": [7, 10.875, 7.125, 11.25],
					"texture": "#0"
				}
			}
		},
		{
			"from": [6.2777, 3.3252, -1.46535],
			"to": [7.1527, 5.3252, -0.46535],
			"rotation": {
				"angle": 12.5,
				"axis": "x",
				"origin": [6.2777, 5.3252, -1.46535]
			},
			"faces": {
				"north": {
					"uv": [11, 5.125, 11.125, 5.375],
					"texture": "#0"
				},
				"east": {
					"uv": [5.25, 11, 5.375, 11.25],
					"texture": "#0"
				},
				"south": {
					"uv": [5.375, 11, 5.5, 11.25],
					"texture": "#0"
				},
				"west": {
					"uv": [11, 5.375, 11.125, 5.625],
					"texture": "#0"
				},
				"up": {
					"uv": [9.125, 1.75, 9, 1.625],
					"texture": "#0"
				},
				"down": {
					"uv": [9.125, 5.375, 9, 5.5],
					"texture": "#0"
				}
			}
		},
		{
			"from": [7.375, 4.3252, -2.49573],
			"to": [8.625, 5.5752, 0.50427],
			"rotation": {
				"angle": 0,
				"axis": "y",
				"origin": [6.875, 4.3252, 0.50427]
			},
			"faces": {
				"north": {
					"uv": [0.75, 9.75, 0.625, 9.875],
					"rotation": 180,
					"texture": "#0"
				},
				"east": {
					"uv": [7.375, 10.875, 7.5, 11.25],
					"rotation": 270,
					"texture": "#0"
				},
				"south": {
					"uv": [9.25, 5.5, 9.125, 5.375],
					"texture": "#0"
				},
				"west": {
					"uv": [10.875, 7.625, 11, 8],
					"rotation": 90,
					"texture": "#0"
				},
				"up": {
					"uv": [7.25, 10.875, 7.375, 11.25],
					"rotation": 180,
					"texture": "#0"
				},
				"down": {
					"uv": [7.5, 10.875, 7.625, 11.25],
					"texture": "#0"
				}
			}
		},
		{
			"from": [7.375, 3.0752, -2.49573],
			"to": [8.625, 5.5752, -1.24573],
			"rotation": {
				"angle": 15,
				"axis": "x",
				"origin": [7.375, 5.5752, -2.49573]
			},
			"faces": {
				"north": {
					"uv": [8, 10.875, 8.125, 11.25],
					"texture": "#0"
				},
				"east": {
					"uv": [8.125, 10.875, 8.25, 11.25],
					"texture": "#0"
				},
				"south": {
					"uv": [8.25, 10.875, 8.375, 11.25],
					"texture": "#0"
				},
				"west": {
					"uv": [9.375, 10.875, 9.5, 11.25],
					"texture": "#0"
				},
				"up": {
					"uv": [9.875, 4, 9.75, 3.875],
					"texture": "#0"
				},
				"down": {
					"uv": [9.875, 9, 9.75, 9.125],
					"texture": "#0"
				}
			}
		},
		{
			"from": [8.6, 4.3252, -1.49573],
			"to": [9.475, 5.3252, 1.94177],
			"rotation": {
				"angle": 0,
				"axis": "y",
				"origin": [9.475, 4.3252, 0.50427]
			},
			"faces": {
				"north": {
					"uv": [3.875, 10, 3.75, 10.125],
					"rotation": 180,
					"texture": "#0"
				},
				"east": {
					"uv": [10.875, 9.5, 11, 9.875],
					"rotation": 270,
					"texture": "#0"
				},
				"south": {
					"uv": [10, 9.125, 9.875, 9],
					"texture": "#0"
				},
				"west": {
					"uv": [10.875, 9.875, 11, 10.25],
					"rotation": 90,
					"texture": "#0"
				},
				"up": {
					"uv": [9.5, 10.875, 9.625, 11.25],
					"rotation": 180,
					"texture": "#0"
				},
				"down": {
					"uv": [9.625, 10.875, 9.75, 11.25],
					"texture": "#0"
				}
			}
		},
		{
			"from": [8.8473, 3.3252, -1.46535],
			"to": [9.7223, 5.3252, -0.46535],
			"rotation": {
				"angle": 12.5,
				"axis": "x",
				"origin": [9.7223, 5.3252, -1.46535]
			},
			"faces": {
				"north": {
					"uv": [5.5, 11, 5.625, 11.25],
					"texture": "#0"
				},
				"east": {
					"uv": [5.625, 11, 5.75, 11.25],
					"texture": "#0"
				},
				"south": {
					"uv": [11, 5.625, 11.125, 5.875],
					"texture": "#0"
				},
				"west": {
					"uv": [5.75, 11, 5.875, 11.25],
					"texture": "#0"
				},
				"up": {
					"uv": [10.125, 6.75, 10, 6.625],
					"texture": "#0"
				},
				"down": {
					"uv": [10.125, 9, 10, 9.125],
					"texture": "#0"
				}
			}
		}
	]
}