{
	"textures": {
		"0": "animated_java:blueprint/csch_mount_carriagon/cca_animals_1",
		"particle": "minecraft:item/pufferfish"
	},
	"display": {
		"head": {
			"rotation": [0, 180, 0]
		}
	},
	"elements": [
		{
			"from": [5.33333, 8, 3.55556],
			"to": [10.66667, 23.11111, 9.77778],
			"rotation": {
				"angle": 22.5,
				"axis": "x",
				"origin": [5.33333, 8, 3.55556]
			},
			"faces": {
				"north": {
					"uv": [5, 1.75, 5.75, 3.875],
					"texture": "#0"
				},
				"east": {
					"uv": [1.5, 4.5, 2.375, 6.625],
					"texture": "#0"
				},
				"south": {
					"uv": [0, 5.25, 0.75, 7.375],
					"texture": "#0"
				},
				"west": {
					"uv": [2.375, 4.5, 3.25, 6.625],
					"texture": "#0"
				},
				"up": {
					"uv": [2.25, 4.375, 1.5, 3.5],
					"texture": "#0"
				},
				"down": {
					"uv": [5.75, 3.875, 5, 4.75],
					"texture": "#0"
				}
			}
		},
		{
			"from": [5.34723, 19.57971, 13.9758],
			"to": [10.65278, 24.02415, 15.08692],
			"rotation": {
				"angle": -45,
				"axis": "x",
				"origin": [5.33333, 19.57971, 15.08692]
			},
			"faces": {
				"north": {
					"uv": [9.125, 4, 9.875, 4.625],
					"texture": "#0"
				},
				"east": {
					"uv": [8.875, 10.375, 9, 11],
					"texture": "#0"
				},
				"south": {
					"uv": [5.125, 9.25, 5.875, 9.875],
					"texture": "#0"
				},
				"west": {
					"uv": [8.375, 10.5, 8.5, 11.125],
					"texture": "#0"
				},
				"up": {
					"uv": [2.25, 4.5, 1.5, 4.375],
					"texture": "#0"
				},
				"down": {
					"uv": [5.75, 6.125, 5, 6.25],
					"texture": "#0"
				}
			}
		},
		{
			"from": [5.33333, 1.77778, 3.55556],
			"to": [10.66667, 8, 5.55556],
			"rotation": {
				"angle": -45,
				"axis": "x",
				"origin": [5.33333, 8, 3.55556]
			},
			"faces": {
				"north": {
					"uv": [8.375, 0.75, 9.125, 1.625],
					"texture": "#0"
				},
				"east": {
					"uv": [3, 6.625, 3.25, 7.5],
					"texture": "#0"
				},
				"south": {
					"uv": [0, 8.5, 0.75, 9.375],
					"texture": "#0"
				},
				"west": {
					"uv": [3, 9.875, 3.25, 10.75],
					"texture": "#0"
				},
				"up": {
					"uv": [10.625, 1.5, 9.875, 1.25],
					"texture": "#0"
				},
				"down": {
					"uv": [11, 5.375, 10.25, 5.625],
					"texture": "#0"
				}
			}
		},
		{
			"from": [4.88889, 17.77778, 1.77778],
			"to": [11.11111, 24.88889, 12.44444],
			"rotation": {
				"angle": 0,
				"axis": "y",
				"origin": [8, 20.44444, 0.88889]
			},
			"faces": {
				"north": {
					"uv": [1.125, 7.625, 2, 8.625],
					"texture": "#0"
				},
				"east": {
					"uv": [5.25, 0, 6.75, 1],
					"texture": "#0"
				},
				"south": {
					"uv": [3, 7.625, 3.875, 8.625],
					"texture": "#0"
				},
				"west": {
					"uv": [5.75, 1, 7.25, 2],
					"texture": "#0"
				},
				"up": {
					"uv": [6.625, 6.25, 5.75, 4.75],
					"texture": "#0"
				},
				"down": {
					"uv": [4.125, 6.125, 3.25, 7.625],
					"texture": "#0"
				}
			}
		},
		{
			"from": [4, 16.88889, 1.77778],
			"to": [12, 21.33333, 8],
			"rotation": {
				"angle": 0,
				"axis": "y",
				"origin": [8, 16.88889, 0.88889]
			},
			"faces": {
				"north": {
					"uv": [7.875, 6.75, 9, 7.375],
					"texture": "#0"
				},
				"east": {
					"uv": [9.125, 1.875, 10, 2.5],
					"texture": "#0"
				},
				"south": {
					"uv": [8, 4, 9.125, 4.625],
					"texture": "#0"
				},
				"west": {
					"uv": [9.125, 2.5, 10, 3.125],
					"texture": "#0"
				},
				"up": {
					"uv": [8.375, 1.75, 7.25, 0.875],
					"texture": "#0"
				},
				"down": {
					"uv": [7, 7.25, 5.875, 8.125],
					"texture": "#0"
				}
			}
		},
		{
			"from": [4, 18.66667, -2.88889],
			"to": [12, 20.88889, 1.77778],
			"rotation": {
				"angle": 0,
				"axis": "y",
				"origin": [8, 17.33333, -5.33333]
			},
			"faces": {
				"north": {
					"uv": [9.375, 7.75, 10.5, 8.125],
					"texture": "#0"
				},
				"east": {
					"uv": [9.875, 0.875, 10.625, 1.25],
					"texture": "#0"
				},
				"south": {
					"uv": [9.625, 9.125, 10.75, 9.5],
					"texture": "#0"
				},
				"west": {
					"uv": [1.125, 9.875, 1.875, 10.25],
					"texture": "#0"
				},
				"up": {
					"uv": [9.125, 3.25, 8, 2.5],
					"texture": "#0"
				},
				"down": {
					"uv": [9.125, 3.25, 8, 4],
					"texture": "#0"
				}
			}
		},
		{
			"from": [5.77778, 20.44444, -1.77778],
			"to": [10.22222, 25.77778, 4.44444],
			"rotation": {
				"angle": 0,
				"axis": "y",
				"origin": [8, 20.44444, -6.22222]
			},
			"faces": {
				"north": {
					"uv": [9.25, 5.375, 9.875, 6.125],
					"texture": "#0"
				},
				"east": {
					"uv": [3.875, 8.5, 4.75, 9.25],
					"texture": "#0"
				},
				"south": {
					"uv": [0, 9.375, 0.625, 10.125],
					"texture": "#0"
				},
				"west": {
					"uv": [4.75, 8.5, 5.625, 9.25],
					"texture": "#0"
				},
				"up": {
					"uv": [9.75, 4, 9.125, 3.125],
					"texture": "#0"
				},
				"down": {
					"uv": [9.625, 9.125, 9, 10],
					"texture": "#0"
				}
			}
		}
	]
}