{
	"textures": {
		"0": "animated_java:blueprint/csch_mount_carriagon/cca_animals_1",
		"particle": "minecraft:item/pufferfish"
	},
	"display": {
		"head": {
			"rotation": [0, 180, 0]
		}
	},
	"elements": [
		{
			"from": [6, 6.19708, 6.1003],
			"to": [10, 10.19708, 16.1003],
			"rotation": {
				"angle": 25,
				"axis": "x",
				"origin": [10, 5.19708, 6.1003]
			},
			"faces": {
				"north": {
					"uv": [10.625, 7.625, 10.125, 7.125],
					"rotation": 180,
					"texture": "#0"
				},
				"east": {
					"uv": [1.75, 8.625, 2.25, 9.875],
					"rotation": 90,
					"texture": "#0"
				},
				"south": {
					"uv": [1.625, 10.25, 1.125, 10.75],
					"texture": "#0"
				},
				"west": {
					"uv": [2.75, 8.625, 3.25, 9.875],
					"rotation": 270,
					"texture": "#0"
				},
				"up": {
					"uv": [2.25, 8.625, 2.75, 9.875],
					"texture": "#0"
				},
				"down": {
					"uv": [1.25, 8.625, 1.75, 9.875],
					"rotation": 180,
					"texture": "#0"
				}
			}
		},
		{
			"from": [5.5, 4.69708, 4.1003],
			"to": [10.5, 11.69708, 13.1003],
			"rotation": {
				"angle": 0,
				"axis": "y",
				"origin": [4.5, 3.19708, 9.1003]
			},
			"faces": {
				"north": {
					"uv": [11, 8.75, 11.625, 9.625],
					"texture": "#0"
				},
				"east": {
					"uv": [11, 5.875, 12.125, 6.75],
					"texture": "#0"
				},
				"south": {
					"uv": [11, 9.625, 11.625, 10.5],
					"texture": "#0"
				},
				"west": {
					"uv": [11, 6.75, 12.125, 7.625],
					"texture": "#0"
				},
				"up": {
					"uv": [6.5, 12.125, 5.875, 11],
					"texture": "#0"
				},
				"down": {
					"uv": [11.625, 7.625, 11, 8.75],
					"texture": "#0"
				}
			}
		}
	]
}