{
	"textures": {
		"0": "animated_java:blueprint/csch_mount_carriagon/cca_animals_1",
		"particle": "minecraft:item/pufferfish"
	},
	"display": {
		"head": {
			"rotation": [0, 180, 0]
		}
	},
	"elements": [
		{
			"from": [6.5, 7, 5],
			"to": [10.5, 9.5, 10],
			"rotation": {
				"angle": 0,
				"axis": "y",
				"origin": [5, 0, 6]
			},
			"faces": {
				"north": {
					"uv": [10.25, 8.125, 10.75, 8.5],
					"texture": "#0"
				},
				"east": {
					"uv": [10.25, 3.875, 10.875, 4.25],
					"texture": "#0"
				},
				"south": {
					"uv": [9.375, 10.25, 9.875, 10.625],
					"texture": "#0"
				},
				"west": {
					"uv": [10.25, 4.25, 10.875, 4.625],
					"texture": "#0"
				},
				"up": {
					"uv": [10.375, 0.625, 9.875, 0],
					"texture": "#0"
				},
				"down": {
					"uv": [1.125, 9.875, 0.625, 10.5],
					"texture": "#0"
				}
			}
		},
		{
			"from": [6.5, 7, 3],
			"to": [10.5, 9, 5],
			"rotation": {
				"angle": 0,
				"axis": "y",
				"origin": [5, 0, 6]
			},
			"faces": {
				"north": {
					"uv": [10.625, 1.25, 11.125, 1.5],
					"texture": "#0"
				},
				"east": {
					"uv": [10.75, 10.25, 11, 10.5],
					"texture": "#0"
				},
				"south": {
					"uv": [10.625, 1.5, 11.125, 1.75],
					"texture": "#0"
				},
				"west": {
					"uv": [0, 10.875, 0.25, 11.125],
					"texture": "#0"
				},
				"up": {
					"uv": [11.125, 2, 10.625, 1.75],
					"texture": "#0"
				},
				"down": {
					"uv": [2.375, 10.625, 1.875, 10.875],
					"texture": "#0"
				}
			}
		},
		{
			"from": [7.5, 7, 0],
			"to": [9.5, 8.75, 3],
			"rotation": {
				"angle": 0,
				"axis": "y",
				"origin": [5, 0, 3]
			},
			"faces": {
				"north": {
					"uv": [10.875, 0, 11.125, 0.25],
					"texture": "#0"
				},
				"east": {
					"uv": [10.625, 7.375, 11, 7.625],
					"texture": "#0"
				},
				"south": {
					"uv": [0.25, 10.875, 0.5, 11.125],
					"texture": "#0"
				},
				"west": {
					"uv": [9.375, 10.625, 9.75, 10.875],
					"texture": "#0"
				},
				"up": {
					"uv": [5.875, 11, 5.625, 10.625],
					"texture": "#0"
				},
				"down": {
					"uv": [10.625, 10.625, 10.375, 11],
					"texture": "#0"
				}
			}
		},
		{
			"from": [9.5, 7, 1],
			"to": [10.5, 8.5, 3],
			"rotation": {
				"angle": -7.5,
				"axis": "y",
				"origin": [9.5, 7, 3]
			},
			"faces": {
				"north": {
					"uv": [1.25, 11, 1.375, 11.25],
					"texture": "#0"
				},
				"east": {
					"uv": [10.875, 0.25, 11.125, 0.5],
					"texture": "#0"
				},
				"south": {
					"uv": [1.375, 11, 1.5, 11.25],
					"texture": "#0"
				},
				"west": {
					"uv": [0.5, 10.875, 0.75, 11.125],
					"texture": "#0"
				},
				"up": {
					"uv": [1.625, 11.25, 1.5, 11],
					"texture": "#0"
				},
				"down": {
					"uv": [1.75, 11, 1.625, 11.25],
					"texture": "#0"
				}
			}
		},
		{
			"from": [6.5, 7, 1],
			"to": [7.5, 8.5, 3],
			"rotation": {
				"angle": 7.5,
				"axis": "y",
				"origin": [7.5, 7, 3]
			},
			"faces": {
				"north": {
					"uv": [1.75, 11, 1.875, 11.25],
					"texture": "#0"
				},
				"east": {
					"uv": [0.75, 10.875, 1, 11.125],
					"texture": "#0"
				},
				"south": {
					"uv": [11, 2, 11.125, 2.25],
					"texture": "#0"
				},
				"west": {
					"uv": [1.875, 10.875, 2.125, 11.125],
					"texture": "#0"
				},
				"up": {
					"uv": [11.125, 2.5, 11, 2.25],
					"texture": "#0"
				},
				"down": {
					"uv": [2.5, 11, 2.375, 11.25],
					"texture": "#0"
				}
			}
		},
		{
			"from": [7.5, 7, 10],
			"to": [9.5, 8.5, 12],
			"rotation": {
				"angle": 0,
				"axis": "y",
				"origin": [5, 0, 13]
			},
			"faces": {
				"north": {
					"uv": [2.125, 10.875, 2.375, 11.125],
					"texture": "#0"
				},
				"east": {
					"uv": [10.875, 2.5, 11.125, 2.75],
					"texture": "#0"
				},
				"south": {
					"uv": [10.875, 2.75, 11.125, 3],
					"texture": "#0"
				},
				"west": {
					"uv": [10.875, 3, 11.125, 3.25],
					"texture": "#0"
				},
				"up": {
					"uv": [11.125, 3.5, 10.875, 3.25],
					"texture": "#0"
				},
				"down": {
					"uv": [11.125, 3.5, 10.875, 3.75],
					"texture": "#0"
				}
			}
		},
		{
			"from": [7.75, 7, 12],
			"to": [9.25, 8.25, 13.25],
			"rotation": {
				"angle": 0,
				"axis": "y",
				"origin": [5, 0, 15]
			},
			"faces": {
				"north": {
					"uv": [2, 7.875, 2.25, 8],
					"texture": "#0"
				},
				"east": {
					"uv": [5.125, 7.875, 5.25, 8],
					"texture": "#0"
				},
				"south": {
					"uv": [2.25, 7.875, 2.5, 8],
					"texture": "#0"
				},
				"west": {
					"uv": [5.25, 7.875, 5.375, 8],
					"texture": "#0"
				},
				"up": {
					"uv": [2.75, 8, 2.5, 7.875],
					"texture": "#0"
				},
				"down": {
					"uv": [3, 7.875, 2.75, 8],
					"texture": "#0"
				}
			}
		}
	]
}