{
	"textures": {
		"0": "animated_java:blueprint/csch_mount_carriagon/cca_animals_1",
		"particle": "minecraft:item/pufferfish"
	},
	"display": {
		"head": {
			"rotation": [0, 180, 0]
		}
	},
	"elements": [
		{
			"from": [7, 4.9495, 1.05256],
			"to": [9, 6.9495, 7.05256],
			"rotation": {
				"angle": -25,
				"axis": "x",
				"origin": [10, 10.1995, 3.05256]
			},
			"faces": {
				"north": {
					"uv": [11.125, 3.75, 10.875, 4],
					"rotation": 180,
					"texture": "#0"
				},
				"east": {
					"uv": [0.375, 10.125, 0.625, 10.875],
					"rotation": 270,
					"texture": "#0"
				},
				"south": {
					"uv": [4, 11.125, 3.75, 10.875],
					"texture": "#0"
				},
				"west": {
					"uv": [1.625, 10.25, 1.875, 11],
					"rotation": 90,
					"texture": "#0"
				},
				"up": {
					"uv": [5.625, 8.5, 5.875, 9.25],
					"rotation": 180,
					"texture": "#0"
				},
				"down": {
					"uv": [4.875, 10.125, 5.125, 10.875],
					"texture": "#0"
				}
			}
		},
		{
			"from": [6.625, 4.59615, 0.45869],
			"to": [9.375, 6.34615, 3.45869],
			"rotation": {
				"angle": -10,
				"axis": "x",
				"origin": [9, 4.59615, 3.45869]
			},
			"faces": {
				"north": {
					"uv": [3.25, 10.75, 2.875, 11],
					"rotation": 180,
					"texture": "#0"
				},
				"east": {
					"uv": [10.625, 10.625, 10.875, 11],
					"rotation": 270,
					"texture": "#0"
				},
				"south": {
					"uv": [1.625, 11, 1.25, 10.75],
					"texture": "#0"
				},
				"west": {
					"uv": [1, 10.75, 1.25, 11.125],
					"rotation": 90,
					"texture": "#0"
				},
				"up": {
					"uv": [10.5, 6.75, 10.875, 7.125],
					"rotation": 180,
					"texture": "#0"
				},
				"down": {
					"uv": [10.5, 7.625, 10.875, 8],
					"texture": "#0"
				}
			}
		},
		{
			"from": [7, 5.9495, 0.05256],
			"to": [9, 6.9495, 1.05256],
			"rotation": {
				"angle": -25,
				"axis": "x",
				"origin": [10, 10.1995, 3.05256]
			},
			"faces": {
				"north": {
					"uv": [7.25, 4.625, 7, 4.75],
					"rotation": 180,
					"texture": "#0"
				},
				"east": {
					"uv": [7, 7.25, 7.125, 7.375],
					"rotation": 270,
					"texture": "#0"
				},
				"south": {
					"uv": [7.25, 1, 7, 0.875],
					"texture": "#0"
				},
				"west": {
					"uv": [7.5, 4.625, 7.625, 4.75],
					"rotation": 90,
					"texture": "#0"
				},
				"up": {
					"uv": [6.75, 0.875, 7, 1],
					"rotation": 180,
					"texture": "#0"
				},
				"down": {
					"uv": [6.75, 4.625, 7, 4.75],
					"texture": "#0"
				}
			}
		},
		{
			"from": [8.6, 4.3252, -1.49573],
			"to": [9.475, 5.3252, 1.94177],
			"rotation": {
				"angle": 0,
				"axis": "y",
				"origin": [9.475, 4.3252, 0.50427]
			},
			"faces": {
				"north": {
					"uv": [7, 8.125, 6.875, 8.25],
					"rotation": 180,
					"texture": "#0"
				},
				"east": {
					"uv": [3.75, 9.625, 3.875, 10],
					"rotation": 270,
					"texture": "#0"
				},
				"south": {
					"uv": [5, 7.75, 4.875, 7.625],
					"texture": "#0"
				},
				"west": {
					"uv": [9.75, 10.625, 9.875, 11],
					"rotation": 90,
					"texture": "#0"
				},
				"up": {
					"uv": [0.625, 9.375, 0.75, 9.75],
					"rotation": 180,
					"texture": "#0"
				},
				"down": {
					"uv": [7.625, 10.625, 7.75, 11],
					"texture": "#0"
				}
			}
		},
		{
			"from": [8.8473, 3.3252, -1.46535],
			"to": [9.7223, 5.3252, -0.46535],
			"rotation": {
				"angle": 12.5,
				"axis": "x",
				"origin": [9.7223, 5.3252, -1.46535]
			},
			"faces": {
				"north": {
					"uv": [2.5, 11, 2.625, 11.25],
					"texture": "#0"
				},
				"east": {
					"uv": [2.625, 11, 2.75, 11.25],
					"texture": "#0"
				},
				"south": {
					"uv": [2.75, 11, 2.875, 11.25],
					"texture": "#0"
				},
				"west": {
					"uv": [2.875, 11, 3, 11.25],
					"texture": "#0"
				},
				"up": {
					"uv": [8.375, 0.875, 8.25, 0.75],
					"texture": "#0"
				},
				"down": {
					"uv": [8.5, 1.625, 8.375, 1.75],
					"texture": "#0"
				}
			}
		},
		{
			"from": [7.375, 4.3252, -2.49573],
			"to": [8.625, 5.5752, 0.50427],
			"rotation": {
				"angle": 0,
				"axis": "y",
				"origin": [9.125, 4.3252, 0.50427]
			},
			"faces": {
				"north": {
					"uv": [1, 8.5, 0.875, 8.625],
					"rotation": 180,
					"texture": "#0"
				},
				"east": {
					"uv": [9.25, 10.75, 9.375, 11.125],
					"rotation": 270,
					"texture": "#0"
				},
				"south": {
					"uv": [0.875, 8.625, 0.75, 8.5],
					"texture": "#0"
				},
				"west": {
					"uv": [10.875, 4.25, 11, 4.625],
					"rotation": 90,
					"texture": "#0"
				},
				"up": {
					"uv": [8.75, 10.75, 8.875, 11.125],
					"rotation": 180,
					"texture": "#0"
				},
				"down": {
					"uv": [4.25, 10.875, 4.375, 11.25],
					"texture": "#0"
				}
			}
		},
		{
			"from": [7.375, 3.0752, -2.49573],
			"to": [8.625, 5.5752, -1.24573],
			"rotation": {
				"angle": 15,
				"axis": "x",
				"origin": [8.625, 5.5752, -2.49573]
			},
			"faces": {
				"north": {
					"uv": [4.375, 10.875, 4.5, 11.25],
					"texture": "#0"
				},
				"east": {
					"uv": [4.5, 10.875, 4.625, 11.25],
					"texture": "#0"
				},
				"south": {
					"uv": [4.625, 10.875, 4.75, 11.25],
					"texture": "#0"
				},
				"west": {
					"uv": [4.75, 10.875, 4.875, 11.25],
					"texture": "#0"
				},
				"up": {
					"uv": [1.125, 8.625, 1, 8.5],
					"texture": "#0"
				},
				"down": {
					"uv": [8.625, 1.625, 8.5, 1.75],
					"texture": "#0"
				}
			}
		},
		{
			"from": [6.525, 4.3252, -1.49573],
			"to": [7.4, 5.3252, 1.94177],
			"rotation": {
				"angle": 0,
				"axis": "y",
				"origin": [6.525, 4.3252, 0.50427]
			},
			"faces": {
				"north": {
					"uv": [8.75, 5.375, 8.625, 5.5],
					"rotation": 180,
					"texture": "#0"
				},
				"east": {
					"uv": [5, 10.875, 5.125, 11.25],
					"rotation": 270,
					"texture": "#0"
				},
				"south": {
					"uv": [8.75, 1.75, 8.625, 1.625],
					"texture": "#0"
				},
				"west": {
					"uv": [10.875, 6.25, 11, 6.625],
					"rotation": 90,
					"texture": "#0"
				},
				"up": {
					"uv": [4.875, 10.875, 5, 11.25],
					"rotation": 180,
					"texture": "#0"
				},
				"down": {
					"uv": [10.875, 5.875, 11, 6.25],
					"texture": "#0"
				}
			}
		},
		{
			"from": [6.2777, 3.3252, -1.46535],
			"to": [7.1527, 5.3252, -0.46535],
			"rotation": {
				"angle": 12.5,
				"axis": "x",
				"origin": [6.2777, 5.3252, -1.46535]
			},
			"faces": {
				"north": {
					"uv": [3, 11, 3.125, 11.25],
					"texture": "#0"
				},
				"east": {
					"uv": [3.125, 11, 3.25, 11.25],
					"texture": "#0"
				},
				"south": {
					"uv": [11, 4.25, 11.125, 4.5],
					"texture": "#0"
				},
				"west": {
					"uv": [5.125, 11, 5.25, 11.25],
					"texture": "#0"
				},
				"up": {
					"uv": [8.875, 1.75, 8.75, 1.625],
					"texture": "#0"
				},
				"down": {
					"uv": [8.875, 5.375, 8.75, 5.5],
					"texture": "#0"
				}
			}
		}
	]
}