{
	"textures": {
		"0": "animated_java:blueprint/csch_mount_carriagon/cca_animals_1",
		"particle": "minecraft:item/pufferfish"
	},
	"display": {
		"head": {
			"rotation": [0, 180, 0]
		}
	},
	"elements": [
		{
			"from": [6.5, 7.1723, 3.32982],
			"to": [9.5, 10.1723, 9.32982],
			"rotation": {
				"angle": -32.5,
				"axis": "x",
				"origin": [9.5, 7.1723, 9.32982]
			},
			"faces": {
				"north": {
					"uv": [10.75, 10.25, 10.375, 10.625],
					"rotation": 180,
					"texture": "#0"
				},
				"east": {
					"uv": [9.875, 5.375, 10.25, 6.125],
					"rotation": 270,
					"texture": "#0"
				},
				"south": {
					"uv": [8.875, 10.75, 8.5, 10.375],
					"texture": "#0"
				},
				"west": {
					"uv": [10, 1.875, 10.375, 2.625],
					"rotation": 90,
					"texture": "#0"
				},
				"up": {
					"uv": [5.125, 9.875, 5.5, 10.625],
					"rotation": 180,
					"texture": "#0"
				},
				"down": {
					"uv": [5.5, 9.875, 5.875, 10.625],
					"texture": "#0"
				}
			}
		},
		{
			"from": [6.5, 8.1723, 0.82982],
			"to": [9.5, 10.1723, 3.32982],
			"rotation": {
				"angle": -32.5,
				"axis": "x",
				"origin": [9.5, 7.1723, 9.32982]
			},
			"faces": {
				"north": {
					"uv": [7.625, 10.625, 7.25, 10.875],
					"rotation": 180,
					"texture": "#0"
				},
				"east": {
					"uv": [5.125, 10.625, 5.375, 11],
					"rotation": 270,
					"texture": "#0"
				},
				"south": {
					"uv": [11, 7.375, 10.625, 7.125],
					"texture": "#0"
				},
				"west": {
					"uv": [5.375, 10.625, 5.625, 11],
					"rotation": 90,
					"texture": "#0"
				},
				"up": {
					"uv": [0.625, 10.5, 1, 10.875],
					"rotation": 180,
					"texture": "#0"
				},
				"down": {
					"uv": [10.5, 2.625, 10.875, 3],
					"texture": "#0"
				}
			}
		}
	]
}