{
	"textures": {
		"0": "animated_java:blueprint/csch_mount_carriagon/cca_animals_1",
		"particle": "minecraft:item/pufferfish"
	},
	"display": {
		"head": {
			"rotation": [0, 180, 0]
		}
	},
	"elements": [
		{
			"from": [11, 5.02447, 5.00661],
			"to": [15, 11.02447, 11.00661],
			"rotation": {
				"angle": 0,
				"axis": "y",
				"origin": [9.5, 4.02447, 21.00661]
			},
			"faces": {
				"north": {
					"uv": [5.25, 1, 5.75, 1.75],
					"texture": "#0"
				},
				"east": {
					"uv": [8.625, 4.625, 9.375, 5.375],
					"texture": "#0"
				},
				"south": {
					"uv": [7.5, 9.5, 8, 10.25],
					"texture": "#0"
				},
				"west": {
					"uv": [9, 8.375, 9.75, 9.125],
					"texture": "#0"
				},
				"up": {
					"uv": [3.75, 10.375, 3.25, 9.625],
					"texture": "#0"
				},
				"down": {
					"uv": [6.375, 9.625, 5.875, 10.375],
					"texture": "#0"
				}
			}
		},
		{
			"from": [11.5, 5.52447, 7.00661],
			"to": [14.5, 8.52447, 13.00661],
			"rotation": {
				"angle": 25,
				"axis": "x",
				"origin": [15, 4.02447, 7.00661]
			},
			"faces": {
				"north": {
					"uv": [10.875, 6.375, 10.5, 6],
					"rotation": 180,
					"texture": "#0"
				},
				"east": {
					"uv": [9, 10, 9.375, 10.75],
					"rotation": 90,
					"texture": "#0"
				},
				"south": {
					"uv": [10.875, 6.375, 10.5, 6.75],
					"texture": "#0"
				},
				"west": {
					"uv": [3.75, 10.125, 4.125, 10.875],
					"rotation": 270,
					"texture": "#0"
				},
				"up": {
					"uv": [0, 10.125, 0.375, 10.875],
					"texture": "#0"
				},
				"down": {
					"uv": [10, 4.625, 10.375, 5.375],
					"rotation": 180,
					"texture": "#0"
				}
			}
		}
	]
}