{
	"textures": {
		"0": "animated_java:blueprint/csch_mount_carriagon/cca_animals_1",
		"particle": "minecraft:item/pufferfish"
	},
	"display": {
		"head": {
			"rotation": [0, 180, 0]
		}
	},
	"elements": [
		{
			"from": [1.25, 19, 6],
			"to": [14.75, 24, 13],
			"rotation": {
				"angle": 0,
				"axis": "y",
				"origin": [8, 22, 8]
			},
			"faces": {
				"north": {
					"uv": [0, 11.25, 1.75, 11.875],
					"texture": "#0"
				},
				"east": {
					"uv": [2, 8, 2.875, 8.625],
					"texture": "#0"
				},
				"south": {
					"uv": [1.75, 11.25, 3.5, 11.875],
					"texture": "#0"
				},
				"west": {
					"uv": [8.375, 11.125, 9.25, 11.75],
					"texture": "#0"
				},
				"up": {
					"uv": [12.875, 5, 11.125, 4.125],
					"texture": "#0"
				},
				"down": {
					"uv": [12.875, 5, 11.125, 5.875],
					"texture": "#0"
				}
			}
		},
		{
			"from": [1.5, 8.25, 4.5],
			"to": [14.5, 19.5, 5.5],
			"rotation": {
				"angle": 12.5,
				"axis": "x",
				"origin": [1.5, 19.5, 5.5]
			},
			"faces": {
				"north": {
					"uv": [9.75, 11, 11.375, 12.375],
					"texture": "#0"
				},
				"east": {
					"uv": [9.25, 11.125, 9.375, 12.5],
					"texture": "#0"
				},
				"south": {
					"uv": [11.125, 0, 12.75, 1.375],
					"texture": "#0"
				},
				"west": {
					"uv": [5.25, 11.25, 5.375, 12.625],
					"texture": "#0"
				},
				"up": {
					"uv": [13.25, 8.75, 11.625, 8.625],
					"texture": "#0"
				},
				"down": {
					"uv": [13.25, 8.75, 11.625, 8.875],
					"texture": "#0"
				}
			}
		},
		{
			"from": [1.5, 8.25, 13.5],
			"to": [14.5, 19.5, 14.5],
			"rotation": {
				"angle": -12.5,
				"axis": "x",
				"origin": [14.5, 19.5, 13.5]
			},
			"faces": {
				"north": {
					"uv": [11.125, 1.375, 12.75, 2.75],
					"texture": "#0"
				},
				"east": {
					"uv": [5.375, 11.25, 5.5, 12.625],
					"texture": "#0"
				},
				"south": {
					"uv": [11.125, 2.75, 12.75, 4.125],
					"texture": "#0"
				},
				"west": {
					"uv": [5.5, 11.25, 5.625, 12.625],
					"texture": "#0"
				},
				"up": {
					"uv": [13.25, 9, 11.625, 8.875],
					"texture": "#0"
				},
				"down": {
					"uv": [13.25, 9, 11.625, 9.125],
					"texture": "#0"
				}
			}
		},
		{
			"from": [1.25, 16, 13.25],
			"to": [2.25, 18, 14.75],
			"rotation": {
				"angle": -12.5,
				"axis": "x",
				"origin": [14.5, 19.5, 13.5]
			},
			"faces": {
				"north": {
					"uv": [2.875, 8, 3, 8.25],
					"texture": "#0"
				},
				"east": {
					"uv": [4.875, 8, 5.125, 8.25],
					"texture": "#0"
				},
				"south": {
					"uv": [2.875, 8.25, 3, 8.5],
					"texture": "#0"
				},
				"west": {
					"uv": [5.125, 8, 5.375, 8.25],
					"texture": "#0"
				},
				"up": {
					"uv": [3.875, 8.875, 3.75, 8.625],
					"texture": "#0"
				},
				"down": {
					"uv": [8.875, 7.375, 8.75, 7.625],
					"texture": "#0"
				}
			}
		},
		{
			"from": [13.75, 16, 4.25],
			"to": [14.75, 18, 5.75],
			"rotation": {
				"angle": 12.5,
				"axis": "x",
				"origin": [1.5, 19.5, 5.5]
			},
			"faces": {
				"north": {
					"uv": [8.875, 7.625, 8.75, 7.875],
					"texture": "#0"
				},
				"east": {
					"uv": [5.375, 8.25, 5.125, 8.5],
					"texture": "#0"
				},
				"south": {
					"uv": [8.875, 7.875, 8.75, 8.125],
					"texture": "#0"
				},
				"west": {
					"uv": [5.125, 8.25, 4.875, 8.5],
					"texture": "#0"
				},
				"up": {
					"uv": [8.75, 8.375, 8.875, 8.125],
					"texture": "#0"
				},
				"down": {
					"uv": [3.75, 8.875, 3.875, 9.125],
					"texture": "#0"
				}
			}
		},
		{
			"from": [13.75, 16, 13.25],
			"to": [14.75, 18, 14.75],
			"rotation": {
				"angle": -12.5,
				"axis": "x",
				"origin": [1.5, 19.5, 13.5]
			},
			"faces": {
				"north": {
					"uv": [3, 8, 2.875, 8.25],
					"texture": "#0"
				},
				"east": {
					"uv": [5.375, 8, 5.125, 8.25],
					"texture": "#0"
				},
				"south": {
					"uv": [3, 8.25, 2.875, 8.5],
					"texture": "#0"
				},
				"west": {
					"uv": [5.125, 8, 4.875, 8.25],
					"texture": "#0"
				},
				"up": {
					"uv": [3.75, 8.875, 3.875, 8.625],
					"texture": "#0"
				},
				"down": {
					"uv": [8.75, 7.375, 8.875, 7.625],
					"texture": "#0"
				}
			}
		},
		{
			"from": [1.25, 16, 4.25],
			"to": [2.25, 18, 5.75],
			"rotation": {
				"angle": 12.5,
				"axis": "x",
				"origin": [14.5, 19.5, 5.5]
			},
			"faces": {
				"north": {
					"uv": [8.75, 7.625, 8.875, 7.875],
					"texture": "#0"
				},
				"east": {
					"uv": [4.875, 8.25, 5.125, 8.5],
					"texture": "#0"
				},
				"south": {
					"uv": [8.75, 7.875, 8.875, 8.125],
					"texture": "#0"
				},
				"west": {
					"uv": [5.125, 8.25, 5.375, 8.5],
					"texture": "#0"
				},
				"up": {
					"uv": [8.875, 8.375, 8.75, 8.125],
					"texture": "#0"
				},
				"down": {
					"uv": [3.875, 8.875, 3.75, 9.125],
					"texture": "#0"
				}
			}
		},
		{
			"from": [1.25, 19.5, 4],
			"to": [14.75, 24.5, 6],
			"rotation": {
				"angle": 0,
				"axis": "y",
				"origin": [8, 22.5, 6]
			},
			"faces": {
				"north": {
					"uv": [3.5, 11.25, 5.25, 11.875],
					"texture": "#0"
				},
				"east": {
					"uv": [5.375, 7.875, 5.625, 8.5],
					"texture": "#0"
				},
				"south": {
					"uv": [6.5, 11.25, 8.25, 11.875],
					"texture": "#0"
				},
				"west": {
					"uv": [5.625, 7.875, 5.875, 8.5],
					"texture": "#0"
				},
				"up": {
					"uv": [13.375, 7.875, 11.625, 7.625],
					"texture": "#0"
				},
				"down": {
					"uv": [13.375, 7.875, 11.625, 8.125],
					"texture": "#0"
				}
			}
		},
		{
			"from": [1.25, 19.5, 13],
			"to": [14.75, 24.5, 15],
			"rotation": {
				"angle": 0,
				"axis": "y",
				"origin": [8, 22.5, 15]
			},
			"faces": {
				"north": {
					"uv": [11.375, 10.5, 13.125, 11.125],
					"texture": "#0"
				},
				"east": {
					"uv": [3.25, 8.625, 3.5, 9.25],
					"texture": "#0"
				},
				"south": {
					"uv": [11.375, 11.125, 13.125, 11.75],
					"texture": "#0"
				},
				"west": {
					"uv": [3.5, 8.625, 3.75, 9.25],
					"texture": "#0"
				},
				"up": {
					"uv": [13.375, 8.375, 11.625, 8.125],
					"texture": "#0"
				},
				"down": {
					"uv": [13.375, 8.375, 11.625, 8.625],
					"texture": "#0"
				}
			}
		}
	]
}