{
	"textures": {
		"0": "animated_java:blueprint/csch_mount_carriagon/cca_animals_1",
		"particle": "minecraft:item/pufferfish"
	},
	"display": {
		"head": {
			"rotation": [0, 180, 0]
		}
	},
	"elements": [
		{
			"from": [6, 7, 8],
			"to": [10, 19, 11],
			"rotation": {
				"angle": 42.5,
				"axis": "x",
				"origin": [5, 8, 8]
			},
			"faces": {
				"north": {
					"uv": [6.375, 9.625, 5.875, 8.125],
					"rotation": 180,
					"texture": "#0"
				},
				"east": {
					"uv": [9, 6.75, 10.5, 7.125],
					"rotation": 90,
					"texture": "#0"
				},
				"south": {
					"uv": [6.875, 8.125, 6.375, 9.625],
					"texture": "#0"
				},
				"west": {
					"uv": [9.125, 1.5, 10.625, 1.875],
					"rotation": 270,
					"texture": "#0"
				},
				"up": {
					"uv": [3.25, 10.375, 3.75, 10.75],
					"texture": "#0"
				},
				"down": {
					"uv": [10.375, 0, 10.875, 0.375],
					"rotation": 180,
					"texture": "#0"
				}
			}
		}
	]
}