{
	"textures": {
		"0": "animated_java:blueprint/csch_mount_carriagon/cca_animals_1",
		"particle": "minecraft:item/pufferfish"
	},
	"display": {
		"head": {
			"rotation": [0, 180, 0]
		}
	},
	"elements": [
		{
			"from": [4, 1, 6],
			"to": [12, 8, 16],
			"rotation": {
				"angle": -20,
				"axis": "x",
				"origin": [4, 8, 8]
			},
			"faces": {
				"north": {
					"uv": [3.875, 7.625, 4.875, 8.5],
					"texture": "#0"
				},
				"east": {
					"uv": [6.75, 2.875, 8, 3.75],
					"texture": "#0"
				},
				"south": {
					"uv": [7.625, 4.625, 8.625, 5.5],
					"texture": "#0"
				},
				"west": {
					"uv": [6.75, 3.75, 8, 4.625],
					"texture": "#0"
				},
				"up": {
					"uv": [3, 7.875, 2, 6.625],
					"texture": "#0"
				},
				"down": {
					"uv": [7.625, 4.75, 6.625, 6],
					"texture": "#0"
				}
			}
		}
	]
}