{
    "item.horn_bow.shot.perfect":{
        "subtitle":"subtitles.item.horn_bow.shot.perfect",
        "sounds":[{"name":"random/successful_hit","pitch":1.2}]
    },
    "item.horn_bow.shot.normal":{
        "subtitle":"subtitles.item.horn_bow.shot.normal",
        "sounds":[{"name":"item/dye/dye","pitch":1}]
    },
    "item.horn_bow.shot.tired.0":{
        "subtitle":"subtitles.item.horn_bow.shot.tired.0",
        "sounds":[{"name":"random/click","pitch":1.3}]
    },
    "item.horn_bow.shot.tired.1":{
        "subtitle":"subtitles.item.horn_bow.shot.tired.1",
        "sounds":[{"name":"random/break","pitch":1.5}]
    },
    "item.battle_axe.ready":{
        "subtitle":"subtitles.item.battle_axe.ready",
        "sounds":[{"name":"random/successful_hit","pitch":0.8}]
    },
    "item.posstow.loaded":{
        "subtitle":"subtitles.item.posstow.loaded",
        "sounds":[{"name":"random/successful_hit","pitch":1.2}]
    },
    "item.posstow.mirage.chamber":{
        "subtitle":"subtitles.item.posstow.mirage.chamber",
        "sounds":[{"name":"random/successful_hit","pitch":0.8}]
    },
    "item.posstow.mirage.chamber.bonus":{
        "subtitle":"subtitles.item.posstow.mirage.chamber.bonus",
        "sounds":[{"name":"random/successful_hit","pitch":1.2}]
    },
    "item.posstow.mirage.loading":{
        "subtitle":"subtitles.item.posstow.mirage.loading",
        "sounds":[{"name":"random/successful_hit","pitch":1}]
    }
}