{
	"credit": "By Pixel_Cube from Void Creature workShop",
	"textures": {
		"layer1": "meow:ui/quiver_bar.front"
	},
	"elements": [
		{
			"from": [-16, -16, 0],
			"to": [32, 32, 0],
			"faces": {
				"south": {"uv": [0, 0, 16, 16], "texture": "#layer1"}
			}
		}
	],
	"gui_light": "front",
	"display": {
		"thirdperson_righthand": {
			"scale": [0, 0, 0]
		},
		"thirdperson_lefthand": {
			"scale": [0, 0, 0]
		},
		"firstperson_righthand": {
			"scale": [0, 0, 0]
		},
		"firstperson_lefthand": {
			"scale": [0, 0, 0]
		},
		"ground": {
			"scale": [0.1, 0.1, 0.1]
		},
		"gui": {
			"translation": [-74, 58, 60],
			"scale": [3.98, 3.98, 4]
		},
		"head": {
			"scale": [0, 0, 1]
		}
	}
}