{
	"credit": "Made with Blockbench",
	"parent": "minecraft:item/handheld",
	"textures": {
		"layer0": "meow:ui/quiver_unavailable"
	},
	"display": {
		"thirdperson_righthand": {
			"rotation": [0, -90, 55],
			"translation": [0, 7.4, 0.5],
			"scale": [1.7, 1.7, 0.85]
		},
		"thirdperson_lefthand": {
			"rotation": [0, 90, -55],
			"translation": [0, 7.4, 0.5],
			"scale": [1.7, 1.7, 0.85]
		},
		"firstperson_righthand": {
			"rotation": [0, -90, 25],
			"translation": [3, 6, -1],
			"scale": [2, 2, 1]
		},
		"firstperson_lefthand": {
			"rotation": [0, 90, -25],
			"translation": [3, 6, -1],
			"scale": [2, 2, 1]
		},
		"ground": {
			"translation": [0, 2, 0],
			"scale": [1, 1, 0.5]
		},
		"gui": {
			"translation": [0, 0, 80],
			"scale": [2, 2, 2]
		},
		"head": {
			"rotation": [47, 0, 135],
			"translation": [11, 0.5, 0.5],
			"scale": [3, 3, 1.5]
		},
		"fixed": {
			"rotation": [0, -180, 0],
			"translation": [-4, 4, 0],
			"scale": [2, 2, 1]
		}
	}
}