{
	"credit": "Made with Blockbench",
	"textures": {
		"0": "meow:entity/scarecrow/hay_block_side",
		"1": "meow:entity/scarecrow/hay_block_top",
		"2": "meow:entity/scarecrow/oak_planks",
		"4": "meow:entity/scarecrow/oak_log",
		"5": "meow:entity/scarecrow/oak_log_top",
		"particle": "meow:entity/scarecrow/hay_block_side",
		"face_paper": "meow:entity/scarecrow/face_main"
	},
	"elements": [
		{
			"name": "hor",
			"from": [0, 20, 7],
			"to": [16, 22, 9],
			"rotation": {"angle": 45, "axis": "x", "origin": [8, 21, 8]},
			"faces": {
				"north": {"uv": [0, 2, 16, 4], "texture": "#2"},
				"east": {"uv": [11, 9, 13, 11], "texture": "#2"},
				"south": {"uv": [0, 6, 16, 8], "texture": "#2"},
				"west": {"uv": [3, 6, 5, 8], "texture": "#2"},
				"up": {"uv": [0, 1, 16, 3], "rotation": 180, "texture": "#2"},
				"down": {"uv": [0, 4, 16, 6], "rotation": 180, "texture": "#2"}
			}
		},
		{
			"name": "foot_1",
			"from": [7, 0, 8],
			"to": [9, 9, 10],
			"rotation": {"angle": -22.5, "axis": "y", "origin": [8, 4.5, 9]},
			"faces": {
				"north": {"uv": [0, 7, 2, 16], "texture": "#2"},
				"east": {"uv": [2, 7, 4, 16], "texture": "#2"},
				"south": {"uv": [4, 7, 6, 16], "texture": "#2"},
				"west": {"uv": [6, 7, 8, 16], "texture": "#2"},
				"up": {"uv": [9, 12, 11, 14], "texture": "#2"},
				"down": {"uv": [11, 12, 13, 14], "texture": "#2"}
			}
		},
		{
			"name": "body",
			"from": [3, 9, 5.5],
			"to": [13, 24, 10.5],
			"faces": {
				"north": {"uv": [0, 0, 10, 15], "texture": "#0"},
				"east": {"uv": [0, 0, 5, 15], "texture": "#0"},
				"south": {"uv": [0, 0, 10, 15], "texture": "#0"},
				"west": {"uv": [0, 0, 5, 15], "texture": "#0"},
				"up": {"uv": [0, 0, 10, 5], "texture": "#1"},
				"down": {"uv": [0, 0, 10, 5], "texture": "#1"}
			}
		},
		{
			"name": "head",
			"from": [5, 23, 5],
			"to": [11, 29, 11],
			"rotation": {"angle": -22.5, "axis": "x", "origin": [8, 23, 8]},
			"faces": {
				"north": {"uv": [2, 9, 8, 15], "texture": "#4"},
				"east": {"uv": [5, 1, 11, 7], "rotation": 180, "texture": "#4"},
				"south": {"uv": [10, 1, 16, 7], "texture": "#4"},
				"west": {"uv": [5, 1, 11, 7], "texture": "#4"},
				"up": {"uv": [5, 5, 11, 11], "texture": "#5"},
				"down": {"uv": [5, 5, 11, 11], "rotation": 180, "texture": "#5"}
			}
		},
		{
			"name": "paper",
			"from": [5, 21.59617, 4.01411],
			"to": [11, 27.59617, 4.01411],
			"rotation": {"angle": -22.5, "axis": "x", "origin": [8, 24.59617, 4.01411]},
			"faces": {
				"north": {"uv": [0, 0, 16, 16], "texture": "#face_paper"}
			}
		}
	],
	"gui_light": "front",
	"display": {
		"thirdperson_righthand": {
			"rotation": [0, 180, 0],
			"translation": [0, 0, 1.75],
			"scale": [0.5, 0.5, 0.5]
		},
		"thirdperson_lefthand": {
			"rotation": [0, 180, 0],
			"translation": [0, 0, 1.75],
			"scale": [0.5, 0.5, 0.5]
		},
		"firstperson_righthand": {
			"rotation": [0, 180, 0],
			"translation": [0, 0, 1.75],
			"scale": [0.5, 0.5, 0.5]
		},
		"firstperson_lefthand": {
			"rotation": [0, 180, 0],
			"translation": [0, 0, 1.75],
			"scale": [0.5, 0.5, 0.5]
		},
		"gui": {
			"rotation": [-31, 180, 45],
			"translation": [-3.5, -3.25, 1.75],
			"scale": [0.66, 0.66, 0.66]
		},
		"head": {
			"translation": [0, -33, 0],
			"scale": [1.92, 1.92, 1.92]
		}
	},
	"groups": [
		{
			"name": "root",
			"origin": [8, 8, 8],
			"color": 0,
			"nbt": "{}",
			"children": [
				{
					"name": "stick",
					"origin": [0, 0, 0],
					"color": 0,
					"nbt": "{}",
					"children": [0, 1]
				},
				2,
				3,
				4
			]
		}
	]
}